78.921,30.586,21.375,30.462,-51.294,25.829,24.094,3.4486,-30.153,29.495
95.338,53.355,21.379,30.462,-51.166,25.826,18.442,23.589,8.4649,12.811
95.795,53.537,32.64,30.462,31.048,30.769,24.611,33.041,25.495,20.394
95.733,53.513,32.641,30.462,31.048,30.772,24.594,33.036,25.488,20.353
95.83,53.551,32.642,30.462,31.048,30.773,24.624,33.045,25.5,20.431
95.767,53.526,32.643,30.462,31.048,30.775,24.606,33.039,25.493,20.383
95.893,53.575,32.644,30.462,31.048,30.777,24.646,33.051,25.508,20.488
95.828,53.55,32.645,30.462,31.048,30.78,24.628,33.046,25.501,20.436
95.726,53.51,32.645,30.462,31.048,30.779,24.595,33.036,25.489,20.349
95.708,53.503,32.644,30.462,31.048,30.776,24.589,33.034,25.486,20.332
95.645,53.479,32.642,30.462,31.048,30.773,24.568,33.028,25.478,20.281
95.705,53.502,32.641,30.462,31.048,30.771,24.587,33.033,25.486,20.332
95.704,53.502,32.64,30.462,31.048,30.769,24.584,33.033,25.485,20.324
95.652,53.481,32.637,30.462,31.048,30.765,24.564,33.026,25.477,20.272
95.625,53.47,32.63,30.462,31.047,30.75,24.552,33.022,25.472,20.231
95.587,53.455,32.618,30.462,31.046,30.729,24.531,33.016,25.463,20.181
95.807,53.541,32.622,30.462,31.046,30.736,24.596,33.036,25.489,20.342
95.454,53.402,32.631,30.462,31.047,30.753,24.493,33.003,25.446,20.077
95.577,53.451,32.636,30.462,31.047,30.761,24.523,33.013,25.46,20.156
95.098,53.253,32.638,30.462,31.048,30.767,24.378,32.964,25.395,19.793
95.053,53.233,32.636,30.462,31.047,30.761,24.362,32.959,25.387,19.749
95.253,53.317,32.637,30.462,31.047,30.764,24.425,32.981,25.417,19.91
95.532,53.431,32.635,30.462,31.047,30.761,24.509,33.009,25.454,20.127
95.427,53.389,32.625,30.462,31.047,30.742,24.472,32.997,25.439,20.035
95.522,53.427,32.622,30.462,31.046,30.735,24.498,33.005,25.45,20.099
95.406,53.38,32.624,30.462,31.046,30.741,24.462,32.993,25.434,20.01
95.538,53.434,32.621,30.462,31.046,30.735,24.501,33.006,25.451,20.106
95.493,53.415,32.624,30.462,31.046,30.741,24.489,33.002,25.445,20.076
95.398,53.377,32.629,30.462,31.047,30.749,24.465,32.994,25.435,20.016
95.48,53.41,32.632,30.462,31.047,30.755,24.495,33.004,25.448,20.093
95.491,53.42,32.633,30.462,31.047,30.756,24.508,33.008,25.451,20.112
95.273,53.331,32.652,30.462,31.048,30.792,24.454,32.99,25.427,19.972
95.123,53.268,32.653,30.462,31.048,30.795,24.41,32.975,25.408,19.865
95.05,53.237,32.654,30.462,31.049,30.796,24.391,32.969,25.398,19.816
95.118,53.266,32.655,30.462,31.049,30.798,24.415,32.977,25.41,19.878
95.02,53.224,32.656,30.462,31.049,30.799,24.388,32.968,25.397,19.809
95.1,53.259,32.656,30.462,31.049,30.8,24.411,32.976,25.408,19.869
95.15,53.28,32.655,30.462,31.049,30.798,24.413,32.976,25.408,19.825
95.156,53.282,32.614,30.462,31.045,30.721,24.383,32.966,25.394,19.761
95.306,53.345,32.605,30.462,31.044,30.704,24.399,32.972,25.402,19.819
95.063,53.243,32.61,30.462,31.045,30.714,24.31,32.94,25.358,19.598
95.282,53.335,32.611,30.462,31.045,30.715,24.372,32.962,25.389,19.76
95.251,53.322,32.618,30.462,31.046,30.728,24.345,32.953,25.376,19.694
94.827,53.139,32.624,30.462,31.046,30.739,24.229,32.91,25.316,19.409
94.81,53.132,32.63,30.462,31.047,30.751,24.238,32.913,25.322,19.434
94.859,53.154,32.635,30.462,31.047,30.76,24.267,32.924,25.336,19.505
95.024,53.225,32.638,30.462,31.048,30.766,24.325,32.945,25.366,19.647
95.061,53.242,32.631,30.462,31.047,30.753,24.328,32.946,25.367,19.649
95.05,53.237,32.612,30.462,31.045,30.717,24.309,32.939,25.358,19.574
94.833,53.143,32.592,30.462,31.043,30.68,24.234,32.911,25.317,19.379
94.792,53.125,32.572,30.462,31.04,30.642,24.208,32.901,25.303,19.33
95.232,53.314,32.589,30.462,31.042,30.674,24.358,32.957,25.381,19.71
95.183,53.293,32.596,30.462,31.043,30.687,24.353,32.955,25.378,19.696
95.196,53.299,32.599,30.462,31.044,30.692,24.363,32.959,25.384,19.729
95.437,53.398,32.6,30.462,31.044,30.696,24.442,32.986,25.42,19.924
95.349,53.362,32.602,30.462,31.044,30.698,24.418,32.978,25.41,19.872
95.372,53.372,32.603,30.462,31.044,30.701,24.429,32.982,25.413,19.888
95.36,53.367,32.606,30.462,31.044,30.705,24.428,32.981,25.413,19.89
95.42,53.392,32.607,30.462,31.045,30.708,24.45,32.989,25.423,19.949
95.3,53.342,32.609,30.462,31.045,30.712,24.415,32.977,25.407,19.859
95.405,53.385,32.611,30.462,31.045,30.716,24.451,32.989,25.422,19.943
95.439,53.406,32.613,30.462,31.045,30.72,24.469,32.996,25.431,19.988
95.679,53.502,32.598,30.462,31.044,30.692,24.532,33.016,25.46,20.166
95.376,53.381,32.597,30.462,31.043,30.689,24.439,32.985,25.418,19.914
95.055,53.247,32.593,30.462,31.043,30.681,24.334,32.949,25.368,19.609
95.058,53.248,32.566,30.462,31.039,30.632,24.315,32.942,25.358,19.534
95.436,53.405,32.555,30.462,31.037,30.611,24.409,32.975,25.403,19.624
95.187,53.303,32.448,30.462,31.009,30.415,24.242,32.915,25.316,19.222
95.226,53.319,32.394,30.462,30.989,30.316,24.195,32.897,25.291,19.087
95.277,53.34,32.383,30.462,30.985,30.296,24.185,32.893,25.284,19.035
95.09,53.262,32.38,30.462,30.984,30.291,24.132,32.871,25.254,18.939
95.195,53.306,32.386,30.462,30.986,30.302,24.175,32.889,25.281,19.099
94.938,53.196,32.435,30.462,31.004,30.39,24.114,32.864,25.247,18.922
94.386,52.948,32.453,30.462,31.01,30.423,23.953,32.796,25.145,18.448
94.967,53.209,32.453,30.462,31.011,30.424,24.119,32.866,25.247,18.912
94.806,53.139,32.475,30.462,31.017,30.464,24.098,32.858,25.236,18.924
95.227,53.319,32.5,30.462,31.024,30.509,24.269,32.925,25.333,19.38
95.371,53.379,32.531,30.462,31.032,30.567,24.351,32.955,25.375,19.604
95.518,53.439,32.549,30.462,31.036,30.601,24.419,32.978,25.407,19.631
95.424,53.401,32.535,30.462,31.033,30.575,24.384,32.966,25.388,19.323
95.205,53.31,32.501,30.462,31.025,30.512,24.286,32.931,25.336,19.041
95.123,53.275,32.471,30.462,31.016,30.457,24.215,32.904,25.296,18.903
94.991,53.219,32.45,30.462,31.01,30.418,24.148,32.878,25.26,18.89
94.852,53.159,32.449,30.462,31.009,30.416,24.078,32.849,25.22,18.783
94.66,53.074,32.432,30.462,31.003,30.385,24.001,32.817,25.173,18.626
94.539,53.019,32.427,30.462,31.002,30.376,23.971,32.804,25.154,18.587
94.693,53.089,32.455,30.462,31.011,30.426,24.053,32.839,25.206,18.814
95.084,53.259,32.491,30.462,31.022,30.492,24.221,32.906,25.305,19.24
95.243,53.326,32.514,30.462,31.028,30.536,24.298,32.935,25.346,19.442
95.329,53.362,32.524,30.462,31.03,30.554,24.336,32.949,25.368,19.555
95.314,53.355,32.52,30.462,31.029,30.547,24.33,32.947,25.366,19.549
95.254,53.339,32.513,30.462,31.028,30.533,24.307,32.938,25.352,19.477
94.507,53.017,32.517,30.462,31.029,30.541,24.041,32.834,25.201,18.807
94.287,52.92,32.475,30.462,31.017,30.464,23.896,32.77,25.103,18.295
94.316,52.937,32.359,30.462,30.975,30.252,23.805,32.728,25.034,18.151
94.259,52.915,32.397,30.462,30.991,30.322,23.811,32.73,25.041,18.219
94.182,52.883,32.434,30.462,31.004,30.388,23.839,32.743,25.062,18.308
94.554,53.06,32.337,30.462,30.965,30.212,23.91,32.775,25.109,18.415
94.455,53.019,32.284,30.462,30.939,30.119,23.864,32.755,25.076,18.313
94.431,53.013,32.315,30.462,30.955,30.174,23.898,32.769,25.098,18.412
94.51,53.053,32.343,30.462,30.968,30.224,23.956,32.795,25.139,18.534
94.347,52.982,32.194,30.462,30.888,29.958,23.8,32.722,25.023,17.937
94.296,52.963,31.385,30.462,30.146,28.617,23.191,32.386,24.473,16.643
94.294,52.967,31.451,30.462,30.22,28.721,23.218,32.4,24.504,16.793
94.225,52.939,32.147,30.462,30.858,29.877,23.694,32.664,24.935,17.858
94.356,53.004,32.162,30.462,30.867,29.902,23.762,32.701,24.994,18.064
94.367,53.013,32.285,30.462,30.94,30.12,23.873,32.755,25.077,18.341
94.488,53.072,32.278,30.462,30.936,30.108,23.916,32.776,25.109,18.462
94.463,53.065,32.33,30.462,30.962,30.2,23.943,32.788,25.129,18.531
94.175,52.937,32.322,30.462,30.958,30.187,23.851,32.747,25.067,18.332
94.198,52.953,32.351,30.462,30.971,30.238,23.878,32.76,25.087,18.409
94.276,52.993,32.353,30.462,30.972,30.243,23.909,32.774,25.109,18.466
94.265,52.992,32.363,30.462,30.977,30.261,23.92,32.779,25.117,18.493
94.283,53.005,32.357,30.462,30.974,30.248,23.93,32.784,25.124,18.529
94.332,53.032,32.388,30.462,30.987,30.305,23.977,32.805,25.155,18.646
94.459,53.093,32.391,30.462,30.988,30.31,24.026,32.826,25.187,18.751
94.369,53.057,32.393,30.462,30.989,30.315,24.005,32.817,25.174,18.644
94.164,52.967,32.394,30.462,30.989,30.316,23.95,32.792,25.14,18.469
94.127,52.954,32.385,30.462,30.986,30.3,23.938,32.786,25.131,18.472
94.242,53.012,32.385,30.462,30.986,30.301,23.979,32.804,25.157,18.583
94.126,52.963,32.403,30.462,30.993,30.332,23.961,32.796,25.144,18.517
94.184,52.994,32.393,30.462,30.989,30.314,23.968,32.8,25.146,18.53
94.089,52.979,32.401,30.462,30.992,30.329,23.884,32.772,25.076,18.158
94.472,53.152,32.225,30.462,30.907,30.014,23.889,32.774,25.08,18.17
94.505,53.167,32.169,30.462,30.872,29.914,23.871,32.766,25.067,18.163
94.509,53.169,32.19,30.462,30.885,29.952,23.899,32.779,25.086,18.264
94.835,53.309,32.206,30.462,30.895,29.98,24.023,32.832,25.165,18.533
94.685,53.245,32.227,30.462,30.907,30.016,24.008,32.826,25.152,18.513
94.764,53.278,32.237,30.462,30.913,30.034,24.052,32.844,25.177,18.63
94.909,53.339,32.24,30.462,30.915,30.04,24.106,32.867,25.204,18.732
94.914,53.342,32.253,30.462,30.922,30.062,24.117,32.871,25.204,18.738
94.866,53.322,32.251,30.462,30.921,30.06,24.106,32.867,25.194,18.686
94.933,53.349,32.226,30.462,30.907,30.015,24.1,32.864,25.193,18.679
94.69,53.247,32.192,30.462,30.886,29.955,23.986,32.817,25.123,18.339
94.519,53.173,32.13,30.462,30.847,29.846,23.873,32.767,25.045,17.385
93.927,52.904,32.025,30.462,30.771,29.664,23.575,32.623,24.82,16.837
93.135,52.51,32.003,30.462,30.753,29.626,23.289,32.466,24.567,16.514
93.071,52.477,31.913,30.462,30.68,29.473,23.192,32.409,24.477,16.312
92.785,52.323,31.664,30.462,30.447,29.062,22.931,32.245,24.2,15.926
92.64,52.244,31.776,30.462,30.556,29.245,22.968,32.269,24.245,16.063
92.558,52.198,31.89,30.462,30.66,29.436,23.031,32.31,24.32,16.242
92.734,52.295,31.983,30.462,30.738,29.593,23.16,32.39,24.457,16.544
93.143,52.514,32.022,30.462,30.768,29.659,23.327,32.488,24.62,16.911
93.428,52.66,32.051,30.462,30.79,29.709,23.447,32.555,24.726,17.188
93.34,52.616,32.117,30.462,30.838,29.824,23.478,32.571,24.753,17.261
93.591,52.741,32.13,30.462,30.846,29.846,23.583,32.627,24.841,17.477
93.528,52.71,32.122,30.462,30.841,29.832,23.563,32.616,24.827,17.449
93.356,52.624,32.125,30.462,30.843,29.838,23.518,32.593,24.793,17.407
93.745,52.817,32.137,30.462,30.851,29.858,23.66,32.666,24.907,17.716
93.772,52.83,32.157,30.462,30.865,29.894,23.687,32.679,24.927,17.774
93.763,52.826,32.165,30.462,30.87,29.908,23.69,32.681,24.934,17.802
93.741,52.815,32.17,30.462,30.873,29.916,23.688,32.679,24.935,17.808
93.726,52.808,32.161,30.462,30.867,29.9,23.676,32.674,24.932,17.807
93.626,52.745,32.16,30.462,30.866,29.898,23.639,32.651,24.898,17.781
93.915,52.885,32.198,30.462,30.89,29.965,23.762,32.711,24.993,18.053
94.038,52.943,32.199,30.462,30.891,29.967,23.805,32.731,25.024,18.149
93.929,52.892,32.265,30.462,30.929,30.085,23.821,32.739,25.036,18.186
93.865,52.861,32.256,30.462,30.924,30.069,23.795,32.727,25.016,18.135
93.944,52.899,32.255,30.462,30.923,30.066,23.822,32.739,25.036,18.199
93.976,52.914,32.262,30.462,30.927,30.08,23.843,32.749,25.052,18.257
94.167,53.003,32.275,30.462,30.934,30.102,23.912,32.78,25.1,18.418
94.163,53.001,32.288,30.462,30.941,30.125,23.921,32.785,25.103,18.427
94.042,52.945,32.285,30.462,30.94,30.12,23.88,32.766,25.073,18.327
93.908,52.882,32.272,30.462,30.933,30.097,23.83,32.743,25.038,18.217
94.02,52.935,32.264,30.462,30.928,30.083,23.861,32.757,25.061,18.295
93.811,52.835,32.26,30.462,30.926,30.076,23.794,32.726,25.018,18.163
93.895,52.875,32.262,30.462,30.927,30.08,23.824,32.74,25.042,18.242
93.87,52.864,32.259,30.462,30.926,30.074,23.816,32.737,25.039,18.232
93.78,52.82,32.259,30.462,30.926,30.074,23.79,32.725,25.021,18.176
93.874,52.866,32.26,30.462,30.926,30.075,23.821,32.739,25.043,18.229
93.842,52.85,32.262,30.462,30.927,30.078,23.811,32.735,25.037,18.214
93.846,52.852,32.266,30.462,30.929,30.086,23.81,32.734,25.036,18.218
93.831,52.845,32.273,30.462,30.933,30.098,23.815,32.736,25.038,18.229
93.941,52.897,32.275,30.462,30.934,30.102,23.854,32.754,25.067,18.322
93.8,52.83,32.273,30.462,30.933,30.098,23.81,32.734,25.037,18.228
93.816,52.838,32.264,30.462,30.929,30.083,23.81,32.734,25.038,18.231
93.827,52.843,32.27,30.462,30.932,30.093,23.814,32.736,25.041,18.241
93.822,52.841,32.271,30.462,30.932,30.095,23.809,32.733,25.038,18.202
93.705,52.784,32.257,30.462,30.925,30.07,23.746,32.703,24.99,18.032
93.685,52.774,32.245,30.462,30.918,30.048,23.72,32.691,24.967,17.95
93.689,52.776,32.228,30.462,30.908,30.019,23.714,32.688,24.958,17.928
93.246,52.554,32.161,30.462,30.867,29.901,23.523,32.585,24.791,17.533
93.839,52.888,32.099,30.462,30.826,29.793,23.69,32.67,24.922,17.876
93.783,52.901,32.122,30.462,30.841,29.833,23.727,32.687,24.949,17.964
93.761,52.929,32.151,30.462,30.861,29.883,23.771,32.707,24.981,18.062
93.934,53.046,32.172,30.462,30.874,29.92,23.868,32.754,25.054,18.287
93.841,53.04,32.18,30.462,30.879,29.934,23.87,32.755,25.06,18.311
93.776,53.046,32.188,30.462,30.884,29.948,23.881,32.761,25.069,18.344
93.847,53.114,32.189,30.462,30.885,29.95,23.929,32.782,25.104,18.462
93.818,53.137,32.185,30.462,30.882,29.943,23.944,32.789,25.114,18.497
93.522,53.04,32.175,30.462,30.876,29.925,23.868,32.755,25.062,18.273
93.072,52.869,32.165,30.462,30.87,29.908,23.741,32.695,24.967,18.002
93.226,52.979,32.18,30.462,30.88,29.935,23.825,32.735,25.03,18.205
93.084,52.951,32.189,30.462,30.885,29.95,23.813,32.729,25.02,18.181
93.226,53.053,32.196,30.462,30.889,29.963,23.892,32.766,25.078,18.373
93.235,53.094,32.204,30.462,30.894,29.977,23.929,32.783,25.104,18.466
93.191,53.111,32.211,30.462,30.898,29.989,23.947,32.791,25.117,18.509
92.915,53.023,32.207,30.462,30.896,29.982,23.884,32.763,25.074,18.37
92.745,52.983,32.203,30.462,30.893,29.974,23.855,32.75,25.054,18.309
92.837,53.062,32.204,30.462,30.894,29.976,23.91,32.774,25.093,18.435
92.784,53.076,32.211,30.462,30.898,29.988,23.925,32.781,25.102,18.47
92.599,53.029,32.199,30.462,30.891,29.968,23.887,32.764,25.077,18.392
92.642,53.085,32.172,30.462,30.874,29.92,23.91,32.775,25.093,18.449
92.492,53.055,32.158,30.462,30.865,29.896,23.88,32.761,25.072,18.384
92.571,53.128,32.158,30.462,30.865,29.896,23.926,32.782,25.105,18.494
93.075,53.378,32.159,30.462,30.866,29.897,24.11,32.86,25.223,18.921
92.786,53.292,32.152,30.462,30.861,29.884,24.039,32.831,25.176,18.743
92.651,53.27,32.144,30.462,30.856,29.871,24.018,32.822,25.159,18.686
92.553,53.264,32.156,30.462,30.864,29.892,24.022,32.823,25.163,18.701
92.524,53.286,32.172,30.462,30.874,29.921,24.053,32.836,25.183,18.776
92.421,53.278,32.19,30.462,30.886,29.952,24.054,32.837,25.183,18.777
92.496,53.344,32.188,30.462,30.884,29.948,24.098,32.855,25.21,18.876
92.901,53.484,32.192,30.462,30.887,29.955,24.203,32.897,25.274,19.141
91.855,53.169,32.228,30.462,30.908,30.019,23.998,32.813,25.149,18.662
91.469,53.167,32.241,30.462,30.916,30.042,24.008,32.817,25.157,18.691
91.106,53.176,32.242,30.462,30.916,30.044,24.017,32.821,25.165,18.719
90.471,53.066,32.234,30.462,30.911,30.029,23.93,32.783,25.108,18.514
90.041,53.049,32.215,30.462,30.9,29.995,23.902,32.771,25.089,18.447
89.607,53.031,32.203,30.462,30.893,29.974,23.877,32.759,25.072,18.395
89.265,53.056,32.214,30.462,30.9,29.993,23.902,32.77,25.088,18.451
88.89,53.068,32.22,30.462,30.904,30.005,23.916,32.776,25.098,18.486
88.436,53.046,32.217,30.462,30.902,30,23.897,32.767,25.086,18.44
88.097,53.077,32.197,30.462,30.89,29.964,23.898,32.768,25.088,18.44
87.357,52.927,32.165,30.462,30.87,29.908,23.761,32.704,24.992,18.131
86.777,52.849,32.101,30.462,30.827,29.796,23.652,32.649,24.907,17.881
86.275,52.808,32.053,30.462,30.792,29.713,23.582,32.613,24.849,17.723
85.811,52.786,32.052,30.462,30.791,29.71,23.561,32.6,24.829,17.677
85.782,52.892,32.074,30.462,30.808,29.75,23.645,32.643,24.897,17.833
85.222,52.746,32.04,30.462,30.782,29.69,23.527,32.583,24.801,17.571
85.083,52.805,32.049,30.462,30.789,29.707,23.58,32.612,24.847,17.702
85.03,52.903,32.082,30.462,30.813,29.764,23.677,32.661,24.925,17.92
84.958,52.99,32.112,30.462,30.835,29.816,23.762,32.703,24.99,18.12
84.942,53.102,32.131,30.462,30.847,29.848,23.855,32.747,25.059,18.338
84.519,53.029,32.143,30.462,30.855,29.868,23.811,32.727,25.028,18.232
84.151,52.98,32.14,30.462,30.853,29.864,23.772,32.709,25,18.143
83.79,52.934,32.133,30.462,30.848,29.851,23.735,32.691,24.972,18.066
83.632,52.981,32.129,30.462,30.846,29.844,23.758,32.702,24.99,18.119
83.157,52.884,32.188,30.462,30.884,29.947,23.727,32.687,24.966,18.046
82.781,52.831,32.163,30.462,30.869,29.905,23.664,32.656,24.918,17.903
82.37,52.76,32.091,30.462,30.82,29.779,23.564,32.604,24.835,17.689
82.046,52.729,32.069,30.462,30.804,29.741,23.526,32.583,24.802,17.609
81.587,52.636,32.1,30.462,30.826,29.794,23.485,32.561,24.766,17.524
84.888,53.813,32.073,30.462,30.807,29.748,24.32,32.941,25.349,19.494
85.337,53.812,31.985,30.462,30.739,29.596,24.253,32.916,25.314,19.334
85.856,53.812,31.966,30.462,30.724,29.564,24.232,32.909,25.303,19.285
86.346,53.812,31.88,30.462,30.652,29.419,24.154,32.878,25.259,19.093
86.912,53.811,31.826,30.462,30.603,29.328,24.099,32.856,25.226,18.964
87.505,53.811,31.789,30.462,30.568,29.266,24.048,32.833,25.193,18.837
88.156,53.81,31.766,30.462,30.546,29.228,24.022,32.822,25.175,18.767
88.826,53.81,31.703,30.462,30.485,29.125,23.975,32.802,25.144,18.654
89.536,53.81,31.682,30.462,30.465,29.09,23.967,32.799,25.14,18.641
90.202,53.81,31.749,30.462,30.53,29.2,24.03,32.826,25.181,18.787
90.809,53.811,31.781,30.462,30.561,29.254,24.068,32.842,25.206,18.887
91.391,53.811,31.832,30.462,30.608,29.338,24.115,32.861,25.234,19.002
91.932,53.811,31.797,30.462,30.576,29.279,24.087,32.85,25.218,18.935
92.496,53.81,31.662,30.462,30.444,29.058,23.942,32.789,25.126,18.586
93.106,53.808,31.444,30.462,30.211,28.708,23.674,32.662,24.93,17.965
93.947,53.803,31.179,30.462,29.905,28.302,23.338,32.482,24.641,17.227
94.8,53.73,30.942,30.462,29.619,27.953,23.005,32.277,24.308,16.563
91.24,51.966,30.796,30.462,29.44,27.745,21.718,31.231,22.508,14.353
91.087,51.749,30.742,30.462,29.373,27.67,21.586,31.096,22.27,14.161
90.097,50.829,30.752,30.462,29.386,27.684,21.229,30.703,21.57,13.679
90.48,51.094,30.948,30.462,29.626,27.961,21.556,31.066,22.217,14.134
90.773,51.16,31.153,30.462,29.874,28.263,21.781,31.295,22.619,14.47
93.298,52.546,31.237,30.462,29.974,28.39,22.596,31.995,23.83,15.827
92.359,51.915,31.214,30.462,29.947,28.354,22.169,31.653,23.242,15.071
93.693,52.541,31.024,30.462,29.719,28.073,22.342,31.798,23.492,15.361
91.957,51.415,31.12,30.462,29.836,28.215,21.837,31.351,22.715,14.55
93.923,52.457,31.343,30.462,30.098,28.552,22.597,31.994,23.829,15.822
93.22,51.958,31.474,30.462,30.244,28.756,22.447,31.881,23.636,15.565
95.417,53.003,31.523,30.462,30.299,28.835,23.122,32.355,24.435,16.839
94.649,52.534,31.527,30.462,30.303,28.841,22.807,32.148,24.092,16.233
95.424,52.823,31.449,30.462,30.218,28.718,22.894,32.208,24.193,16.399
93.03,51.445,31.255,30.462,29.996,28.418,22,31.507,22.995,14.879
93.144,51.524,31.282,30.462,30.027,28.459,22.089,31.586,23.133,15.024
92.789,51.298,31.369,30.462,30.128,28.593,22.071,31.571,23.106,14.996
93.51,51.761,31.474,30.462,30.245,28.756,22.393,31.842,23.574,15.544
93.286,51.624,31.567,30.462,30.346,28.905,22.382,31.833,23.56,15.526
93.692,51.871,31.547,30.462,30.324,28.872,22.463,31.898,23.672,15.67
93.26,51.603,31.487,30.462,30.259,28.777,22.243,31.72,23.366,15.283
92.571,51.146,31.386,30.462,30.147,28.619,21.942,31.455,22.907,14.788
92.481,51.085,31.346,30.462,30.101,28.556,21.896,31.412,22.835,14.718
92.404,51.035,31.411,30.462,30.175,28.657,21.957,31.469,22.935,14.82
92.501,51.107,31.487,30.462,30.259,28.777,22.073,31.574,23.113,15.005
93.34,51.66,31.588,30.462,30.368,28.938,22.432,31.874,23.63,15.618
93.604,51.823,31.623,30.462,30.404,28.994,22.542,31.959,23.775,15.814
93.7,51.879,31.582,30.462,30.361,28.928,22.549,31.965,23.785,15.829
93.36,51.674,31.249,30.462,29.988,28.408,22.225,31.705,23.341,15.261
93.793,51.938,31.395,30.462,30.156,28.632,22.481,31.913,23.699,15.71
93.483,51.753,31.515,30.462,30.29,28.822,22.481,31.913,23.698,15.705
93.747,51.914,31.55,30.462,30.328,28.878,22.603,32.005,23.855,15.925
94.05,52.092,31.613,30.462,30.394,28.978,22.747,32.11,24.033,16.199
94.449,52.315,31.667,30.462,30.449,29.066,22.913,32.224,24.227,16.522
94.626,52.41,31.727,30.462,30.509,29.164,22.989,32.274,24.31,16.672
94.512,52.348,31.718,30.462,30.501,29.15,22.905,32.218,24.216,16.503
93.697,51.884,31.728,30.462,30.51,29.165,22.604,32.006,23.858,15.931
93.232,51.596,31.75,30.462,30.531,29.201,22.483,31.914,23.702,15.713
92.925,51.399,31.801,30.462,30.58,29.286,22.423,31.867,23.621,15.6
93.324,51.656,31.816,30.462,30.594,29.311,22.577,31.986,23.823,15.867
93.284,51.633,31.833,30.462,30.609,29.339,22.584,31.992,23.832,15.885
93.556,51.802,31.885,30.462,30.656,29.427,22.723,32.093,24.005,16.149
93.561,51.806,31.905,30.462,30.673,29.46,22.763,32.122,24.052,16.227
93.688,51.885,31.913,30.462,30.68,29.473,22.839,32.174,24.14,16.373
93.939,51.966,31.994,30.462,30.747,29.612,22.967,32.263,24.286,16.658
94.982,52.544,31.914,30.462,30.681,29.475,23.268,32.448,24.591,17.267
95.065,52.592,31.938,30.462,30.701,29.516,23.321,32.479,24.643,17.381
95.062,52.596,31.961,30.462,30.72,29.556,23.341,32.491,24.661,17.422
94.898,52.516,32.066,30.462,30.802,29.736,23.366,32.505,24.684,17.476
94.973,52.556,32.224,30.462,30.906,30.012,23.516,32.587,24.815,17.797
95.117,52.63,32.241,30.462,30.916,30.042,23.586,32.624,24.874,17.952
95.364,52.756,32.253,30.462,30.922,30.063,23.685,32.674,24.952,18.171
95.483,52.817,32.269,30.462,30.931,30.091,23.742,32.701,24.995,18.299
95.499,52.828,32.276,30.462,30.935,30.104,23.757,32.708,25.006,18.333
95.425,52.795,32.282,30.462,30.938,30.114,23.739,32.7,24.994,18.296
95.396,52.783,32.302,30.462,30.948,30.151,23.752,32.706,25.004,18.325
95.502,52.836,32.325,30.462,30.96,30.192,23.805,32.731,25.042,18.445
95.519,52.846,32.333,30.462,30.963,30.206,23.816,32.736,25.05,18.47
95.751,52.957,32.314,30.462,30.954,30.173,23.872,32.762,25.09,18.602
95.66,52.915,32.338,30.462,30.966,30.216,23.862,32.757,25.083,18.577
95.376,52.781,32.362,30.462,30.976,30.257,23.791,32.724,25.032,18.415
95.65,52.913,32.355,30.462,30.973,30.246,23.879,32.765,25.094,18.616
95.744,52.959,32.357,30.462,30.974,30.25,23.916,32.782,25.118,18.697
95.924,53.042,32.359,30.462,30.975,30.252,23.975,32.808,25.157,18.833
95.839,53.005,32.347,30.462,30.969,30.231,23.944,32.794,25.136,18.761
95.775,52.976,32.322,30.462,30.958,30.186,23.911,32.78,25.115,18.687
95.853,53.012,32.318,30.462,30.956,30.178,23.935,32.79,25.132,18.744
95.971,53.066,32.338,30.462,30.965,30.214,23.989,32.814,25.167,18.869
95.99,53.075,32.355,30.462,30.973,30.246,24.013,32.824,25.182,18.929
96.02,53.09,32.364,30.462,30.977,30.261,24.03,32.831,25.194,18.97
96.093,53.124,32.372,30.462,30.98,30.276,24.058,32.843,25.211,19.037
95.972,53.071,32.379,30.462,30.983,30.288,24.025,32.829,25.19,18.957
95.962,53.067,32.387,30.462,30.987,30.303,24.03,32.831,25.193,18.966
95.943,53.059,32.395,30.462,30.99,30.317,24.033,32.833,25.195,18.977
95.919,53.049,32.394,30.462,30.989,30.316,24.028,32.83,25.192,18.964
95.861,53.046,32.424,30.462,31.001,30.37,24.048,32.83,25.195,19.055
96.772,53.435,32.441,30.462,31.007,30.401,24.353,32.95,25.366,19.801
96.9,53.486,32.444,30.462,31.008,30.408,24.397,32.966,25.389,19.917
96.85,53.466,32.447,30.462,31.009,30.412,24.384,32.962,25.384,19.891
96.909,53.49,32.446,30.462,31.008,30.41,24.404,32.969,25.393,19.939
96.849,53.466,32.444,30.462,31.007,30.406,24.386,32.963,25.384,19.894
96.983,53.519,32.445,30.462,31.008,30.41,24.431,32.979,25.406,20.01
96.956,53.508,32.449,30.462,31.009,30.417,24.428,32.978,25.405,20.003
96.951,53.506,32.454,30.462,31.011,30.425,24.431,32.979,25.407,20.013
96.992,53.522,32.454,30.462,31.011,30.425,24.444,32.984,25.413,20.046
96.889,53.482,32.449,30.462,31.009,30.417,24.41,32.974,25.4,19.976
96.992,53.522,32.432,30.462,31.003,30.385,24.429,32.981,25.409,20.025
97.135,53.577,32.425,30.462,31.001,30.373,24.464,32.993,25.425,20.117
97.105,53.566,32.44,30.462,31.006,30.4,24.467,32.994,25.426,20.121
96.909,53.49,32.451,30.462,31.01,30.419,24.42,32.976,25.402,19.987
96.682,53.424,32.456,30.462,31.012,30.429,24.379,32.963,25.384,19.889
96.852,53.517,32.459,30.462,31.012,30.434,24.456,32.991,25.422,20.097
96.651,53.463,32.463,30.462,31.014,30.441,24.418,32.977,25.404,20
96.817,53.552,32.467,30.462,31.015,30.449,24.49,33.002,25.437,20.184
96.861,53.594,32.471,30.462,31.016,30.456,24.527,33.014,25.453,20.28
96.66,53.541,32.473,30.462,31.017,30.46,24.488,33.001,25.436,20.179
96.355,53.446,32.476,30.462,31.017,30.465,24.418,32.977,25.404,19.999
96.481,53.521,32.477,30.462,31.018,30.467,24.48,32.998,25.432,20.156
96.555,53.574,32.473,30.462,31.017,30.461,24.52,33.012,25.45,20.262
96.209,53.464,32.462,30.462,31.013,30.44,24.428,32.981,25.409,20.024
96.291,53.522,32.474,30.462,31.017,30.461,24.48,32.998,25.432,20.158
96.326,53.56,32.484,30.462,31.02,30.48,24.517,33.01,25.448,20.252
96.314,53.581,32.474,30.462,31.017,30.462,24.526,33.013,25.452,20.275
96.261,53.585,32.475,30.462,31.017,30.463,24.53,33.015,25.454,20.287
96.167,53.574,32.488,30.462,31.021,30.488,24.532,33.015,25.455,20.291
94.823,53.144,32.487,30.462,31.021,30.486,24.21,32.902,25.298,19.48
95.978,53.62,32.471,30.462,31.016,30.456,24.553,33.023,25.463,20.246
96.066,53.653,32.58,30.462,31.041,30.658,24.658,33.055,25.504,20.521
96.539,53.824,32.666,30.462,31.049,30.818,24.861,33.11,25.571,21.063
96.538,53.823,32.668,30.462,31.049,30.823,24.863,33.111,25.572,21.07
96.532,53.821,32.673,30.462,31.049,30.831,24.864,33.111,25.572,21.07
96.522,53.824,32.675,30.462,31.049,30.835,24.867,33.112,25.573,21.077
96.519,53.824,32.656,30.462,31.049,30.799,24.851,33.108,25.568,21.034
96.535,53.824,32.68,30.462,31.049,30.844,24.869,33.112,25.573,21.081
96.475,53.801,32.67,30.462,31.049,30.826,24.84,33.105,25.565,21.004
96.509,53.813,32.678,30.462,31.049,30.842,24.855,33.109,25.569,21.043
96.518,53.824,32.67,30.462,31.049,30.826,24.856,33.109,25.569,21.046
96.523,53.824,32.666,30.462,31.049,30.819,24.855,33.109,25.569,21.043
96.526,53.824,32.67,30.462,31.049,30.825,24.861,33.11,25.571,21.064
96.328,53.749,32.681,30.462,31.049,30.846,24.81,33.097,25.556,20.924
95.667,53.501,32.663,30.462,31.049,30.814,24.6,33.037,25.482,20.369
95.948,53.609,32.677,30.462,31.049,30.84,24.696,33.065,25.518,20.617
95.897,53.59,32.675,30.462,31.049,30.835,24.679,33.06,25.511,20.571
95.862,53.577,32.527,30.462,31.031,30.56,24.562,33.024,25.465,20.261
95.78,53.545,32.525,30.462,31.03,30.555,24.533,33.014,25.451,20.17
95.789,53.548,32.522,30.462,31.03,30.55,24.529,33.012,25.449,20.155
95.583,53.467,32.501,30.462,31.024,30.511,24.444,32.985,25.412,19.945
95.425,53.404,32.459,30.462,31.012,30.434,24.358,32.955,25.371,19.73
95.473,53.424,32.495,30.462,31.023,30.501,24.393,32.967,25.387,19.808
95.357,53.377,32.528,30.462,31.031,30.56,24.379,32.96,25.376,19.749
95.487,53.429,32.487,30.462,31.021,30.485,24.39,32.962,25.379,19.767
95.491,53.431,32.457,30.462,31.012,30.432,24.374,32.955,25.369,19.72
95.578,53.466,32.461,30.462,31.013,30.438,24.407,32.963,25.38,19.776
95.695,53.512,32.479,30.462,31.019,30.472,24.458,32.977,25.4,19.879
95.495,53.432,32.471,30.462,31.016,30.456,24.394,32.953,25.367,19.709
95.644,53.492,32.503,30.462,31.025,30.515,24.464,32.971,25.392,19.84
95.721,53.534,32.494,30.462,31.023,30.499,24.492,32.998,25.427,19.99
95.309,53.37,32.513,30.462,31.028,30.534,24.381,32.961,25.376,19.716
95.504,53.449,32.516,30.462,31.028,30.54,24.443,32.983,25.407,19.878
95.513,53.452,32.519,30.462,31.029,30.544,24.448,32.985,25.41,19.894
95.383,53.4,32.522,30.462,31.03,30.549,24.409,32.972,25.392,19.798
95.445,53.425,32.523,30.462,31.03,30.552,24.428,32.978,25.4,19.841
95.362,53.392,32.523,30.462,31.03,30.552,24.402,32.969,25.388,19.771
95.217,53.332,32.52,30.462,31.029,30.546,24.356,32.953,25.366,19.662
95.335,53.38,32.516,30.462,31.028,30.539,24.39,32.965,25.383,19.749
95.47,53.435,32.516,30.462,31.028,30.539,24.431,32.979,25.402,19.854
95.422,53.416,32.519,30.462,31.029,30.545,24.419,32.975,25.396,19.821
95.537,53.462,32.521,30.462,31.03,30.549,24.455,32.987,25.412,19.909
95.584,53.481,32.52,30.462,31.029,30.546,24.464,32.99,25.416,19.927
95.449,53.427,32.513,30.462,31.028,30.534,24.407,32.97,25.39,19.784
95.629,53.498,32.5,30.462,31.024,30.51,24.453,32.986,25.411,19.901
95.543,53.464,32.472,30.462,31.017,30.459,24.409,32.971,25.39,19.791
95.546,53.465,32.433,30.462,31.004,30.387,24.382,32.961,25.377,19.721
95.62,53.495,32.418,30.462,30.998,30.359,24.394,32.965,25.383,19.752
95.539,53.463,32.446,30.462,31.008,30.41,24.391,32.964,25.381,19.746
95.427,53.418,32.461,30.462,31.013,30.438,24.365,32.955,25.368,19.67
95.506,53.449,32.47,30.462,31.016,30.455,24.393,32.965,25.381,19.735
94.972,53.228,32.476,30.462,31.018,30.466,24.231,32.904,25.296,19.331
94.859,53.179,32.48,30.462,31.019,30.474,24.197,32.89,25.275,19.241
94.735,53.125,32.481,30.462,31.019,30.476,24.159,32.874,25.252,19.137
94.752,53.132,32.48,30.462,31.019,30.473,24.161,32.875,25.253,19.136
94.95,53.219,32.468,30.462,31.015,30.45,24.214,32.895,25.282,19.265
95.288,53.361,32.469,30.462,31.016,30.453,24.32,32.935,25.339,19.523
95.247,53.344,32.478,30.462,31.018,30.469,24.301,32.928,25.328,19.466
95.073,53.271,32.476,30.462,31.018,30.466,24.237,32.903,25.292,19.302
94.966,53.225,32.468,30.462,31.015,30.45,24.199,32.889,25.27,19.211
95.052,53.262,32.461,30.462,31.013,30.439,24.219,32.897,25.281,19.187
95.097,53.29,32.418,30.462,30.999,30.36,24.205,32.9,25.278,18.849
95.591,53.492,32.271,30.462,30.932,30.095,24.251,32.918,25.303,19.097
95.524,53.465,32.289,30.462,30.942,30.127,24.249,32.917,25.301,19.134
95.669,53.522,32.31,30.462,30.952,30.165,24.312,32.94,25.336,19.302
95.61,53.499,32.322,30.462,30.958,30.187,24.307,32.937,25.333,19.303
95.607,53.498,32.322,30.462,30.958,30.186,24.308,32.938,25.331,19.306
95.684,53.528,32.3,30.462,30.947,30.147,24.318,32.942,25.332,19.321
95.645,53.513,32.294,30.462,30.944,30.137,24.303,32.936,25.323,19.27
95.575,53.485,32.259,30.462,30.925,30.073,24.253,32.917,25.295,18.893
95.175,53.323,32.178,30.462,30.878,29.931,24.069,32.842,25.175,18.255
95.114,53.297,32.075,30.462,30.808,29.75,23.962,32.795,25.103,17.828
94.865,53.191,31.797,30.462,30.576,29.279,23.658,32.644,24.865,16.997
94.273,52.923,31.664,30.462,30.446,29.06,23.36,32.466,24.575,16.532
94.386,52.975,31.835,30.462,30.611,29.343,23.523,32.562,24.743,17.06
94.341,52.955,31.952,30.462,30.712,29.539,23.603,32.614,24.832,17.19
94.456,53.008,31.972,30.462,30.729,29.574,23.647,32.639,24.872,17.009
94.349,52.958,32.008,30.462,30.758,29.636,23.633,32.632,24.863,17.284
94.577,53.063,32.066,30.462,30.801,29.734,23.766,32.698,24.971,17.713
94.675,53.107,32.115,30.462,30.837,29.821,23.842,32.736,25.027,17.961
94.852,53.185,32.149,30.462,30.859,29.879,23.925,32.776,25.082,18.131
94.89,53.202,32.178,30.462,30.878,29.93,23.962,32.793,25.11,18.236
95.09,53.287,32.19,30.462,30.886,29.952,24.037,32.826,25.161,18.446
95.027,53.26,32.197,30.462,30.89,29.964,24.027,32.822,25.156,18.449
94.981,53.241,32.209,30.462,30.897,29.986,24.024,32.821,25.154,18.438
95.155,53.314,32.217,30.462,30.902,30,24.085,32.847,25.193,18.554
95.1,53.291,32.226,30.462,30.907,30.015,24.078,32.844,25.189,18.564
95.258,53.357,32.241,30.462,30.916,30.041,24.139,32.87,25.226,18.661
95.24,53.35,32.236,30.462,30.913,30.033,24.126,32.864,25.218,18.366
95.213,53.338,32.188,30.462,30.884,29.948,24.072,32.84,25.182,18.234
94.808,53.166,32.152,30.462,30.861,29.885,23.917,32.767,25.071,17.92
94.638,53.095,32.138,30.462,30.852,29.86,23.851,32.735,25.012,17.836
94.269,52.93,32.139,30.462,30.853,29.862,23.734,32.673,24.921,17.629
93.927,52.77,32.165,30.462,30.87,29.907,23.652,32.634,24.865,17.494
94.179,52.896,32.187,30.462,30.883,29.946,23.756,32.692,24.958,17.779
94.333,52.973,32.226,30.462,30.907,30.015,23.839,32.734,25.026,18.009
94.208,52.919,32.158,30.462,30.865,29.896,23.756,32.697,24.965,17.822
94.352,52.99,32.113,30.462,30.835,29.817,23.773,32.704,24.966,17.432
94.243,52.944,31.991,30.462,30.744,29.606,23.653,32.628,24.833,17.22
94.222,52.939,32.037,30.462,30.78,29.686,23.686,32.642,24.86,17.41
94.383,53.017,31.643,30.462,30.425,29.027,23.46,32.533,24.687,17.046
94.385,53.023,31.526,30.462,30.302,28.839,23.379,32.494,24.623,16.929
94.328,53.001,31.708,30.462,30.49,29.133,23.493,32.559,24.724,17.122
94.1,52.899,31.517,30.462,30.292,28.825,23.286,32.444,24.528,16.637
94.312,53.002,32.132,30.462,30.848,29.85,23.795,32.715,24.971,17.714
94.465,53.076,32.107,30.462,30.831,29.806,23.826,32.73,24.994,17.624
94.279,52.995,31.967,30.462,30.725,29.566,23.662,32.651,24.863,16.923
93.798,52.772,31.878,30.462,30.65,29.415,23.425,32.523,24.644,16.238
93.175,52.459,31.666,30.462,30.448,29.064,23.072,32.304,24.269,15.822
93.005,52.374,31.807,30.462,30.586,29.297,23.128,32.333,24.334,16.09
93.311,52.541,31.855,30.462,30.629,29.376,23.265,32.424,24.491,16.23
93.254,52.516,31.896,30.462,30.666,29.446,23.273,32.427,24.475,15.896
92.99,52.381,31.824,30.462,30.601,29.324,23.133,32.331,24.308,15.743
93.006,52.394,31.849,30.462,30.623,29.366,23.164,32.354,24.359,15.902
93.075,52.436,31.817,30.462,30.594,29.312,23.174,32.365,24.383,15.869
93.093,52.451,31.873,30.462,30.645,29.406,23.222,32.397,24.427,15.876
93.166,52.494,31.916,30.462,30.682,29.478,23.279,32.433,24.486,16.223
93.483,52.662,31.995,30.462,30.748,29.614,23.443,32.529,24.646,16.522
93.658,52.754,31.971,30.462,30.728,29.573,23.489,32.556,24.679,16.638
94.063,52.952,32.016,30.462,30.764,29.649,23.657,32.643,24.818,17.043
94.019,52.936,32.014,30.462,30.762,29.646,23.654,32.642,24.825,17.177
94.45,53.136,32.079,30.462,30.811,29.758,23.846,32.737,24.983,17.646
94.351,53.086,32.292,30.462,30.943,30.132,24.05,32.833,25.195,18.874
94.65,53.218,32.299,30.462,30.947,30.145,24.147,32.872,25.256,19.106
94.834,53.297,32.227,30.462,30.907,30.016,24.152,32.874,25.257,19.123
94.816,53.289,32.235,30.462,30.912,30.031,24.152,32.875,25.255,19.117
94.766,53.268,32.236,30.462,30.913,30.032,24.138,32.87,25.243,19.061
94.796,53.28,32.229,30.462,30.909,30.021,24.142,32.872,25.242,19.057
94.749,53.26,32.221,30.462,30.904,30.007,24.122,32.864,25.23,19.004
94.663,53.223,32.221,30.462,30.904,30.006,24.094,32.852,25.212,18.931
94.682,53.232,32.22,30.462,30.904,30.005,24.099,32.854,25.21,18.902
94.721,53.249,32.222,30.462,30.904,30.007,24.113,32.859,25.218,18.938
94.713,53.245,32.221,30.462,30.904,30.006,24.109,32.858,25.218,18.625
94.692,53.236,32.207,30.462,30.896,29.982,24.091,32.85,25.193,18.62
94.762,53.266,32.213,30.462,30.899,29.992,24.114,32.859,25.215,18.833
94.874,53.313,32.219,30.462,30.903,30.004,24.153,32.875,25.237,18.961
94.757,53.264,32.226,30.462,30.907,30.015,24.122,32.862,25.223,18.925
94.784,53.275,32.23,30.462,30.909,30.021,24.134,32.868,25.233,18.976
94.721,53.248,32.229,30.462,30.909,30.02,24.114,32.86,25.221,18.927
94.739,53.256,32.226,30.462,30.907,30.016,24.118,32.862,25.224,18.894
94.63,53.209,32.219,30.462,30.903,30.003,24.079,32.845,25.2,18.594
94.677,53.23,32.173,30.462,30.875,29.922,24.058,32.832,25.18,17.983
94.345,53.084,32.001,30.462,30.752,29.623,23.82,32.705,24.939,16.829
93.75,52.806,32.019,30.462,30.766,29.654,23.634,32.574,24.725,16.894
93.336,52.6,32.071,30.462,30.805,29.744,23.543,32.542,24.681,16.977
93.358,52.611,32.117,30.462,30.838,29.823,23.587,32.581,24.756,17.28
93.586,52.726,32.149,30.462,30.859,29.879,23.687,32.645,24.862,17.612
93.828,52.844,32.171,30.462,30.873,29.918,23.783,32.697,24.949,17.903
93.985,52.918,32.197,30.462,30.89,29.964,23.855,32.735,25.017,18.136
94.145,52.993,32.214,30.462,30.9,29.993,23.921,32.77,25.068,18.316
94.095,52.97,32.213,30.462,30.899,29.991,23.909,32.767,25.067,18.328
94.112,52.978,32.213,30.462,30.899,29.992,23.915,32.771,25.076,18.37
94.112,52.977,32.219,30.462,30.903,30.002,23.918,32.772,25.078,18.385
94.019,52.932,32.221,30.462,30.904,30.006,23.886,32.757,25.051,18.324
94.239,53.034,32.251,30.462,30.921,30.059,23.977,32.799,25.121,18.567
94.247,53.037,32.25,30.462,30.921,30.058,23.978,32.799,25.118,18.563
94.355,53.086,32.313,30.462,30.954,30.17,24.058,32.835,25.173,18.758
94.32,53.07,32.298,30.462,30.946,30.143,24.035,32.826,25.158,18.706
94.292,53.058,32.287,30.462,30.94,30.123,24.017,32.817,25.144,18.654
94.29,53.057,32.283,30.462,30.938,30.117,24.014,32.815,25.141,18.63
94.232,53.03,32.279,30.462,30.936,30.109,23.992,32.805,25.125,18.564
94.191,53.011,32.28,30.462,30.937,30.11,23.976,32.797,25.118,18.542
94.201,53.016,32.285,30.462,30.94,30.12,23.984,32.801,25.128,18.586
94.104,52.971,32.288,30.462,30.941,30.125,23.957,32.789,25.112,18.533
94.047,52.945,32.288,30.462,30.941,30.125,23.939,32.781,25.099,18.457
93.986,52.916,32.272,30.462,30.933,30.097,23.906,32.765,25.074,18.276
93.942,52.895,32.249,30.462,30.92,30.056,23.873,32.749,25.052,18.263
93.917,52.884,32.243,30.462,30.917,30.045,23.86,32.741,25.039,18.177
93.962,52.905,32.195,30.462,30.889,29.961,23.829,32.725,25.016,17.928
93.862,52.857,32.157,30.462,30.864,29.893,23.752,32.685,24.947,17.706
93.679,52.769,32.134,30.462,30.849,29.853,23.667,32.636,24.869,17.548
93.76,52.809,32.131,30.462,30.847,29.849,23.699,32.648,24.892,17.687
93.757,52.807,32.128,30.462,30.846,29.843,23.706,32.651,24.901,17.753
93.841,52.847,32.141,30.462,30.854,29.866,23.746,32.668,24.929,17.86
93.864,52.859,32.158,30.462,30.865,29.895,23.769,32.681,24.951,17.94
93.839,52.846,32.172,30.462,30.874,29.921,23.775,32.689,24.965,17.998
93.857,52.855,32.191,30.462,30.886,29.954,23.797,32.702,24.984,18.068
93.806,52.831,32.207,30.462,30.896,29.982,23.794,32.704,24.983,18.079
93.842,52.848,32.221,30.462,30.904,30.006,23.816,32.717,25.003,18.149
93.973,52.91,32.187,30.462,30.883,29.946,23.828,32.724,25.012,17.918
93.811,52.833,31.95,30.462,30.711,29.537,23.55,32.582,24.778,17.123
93.152,52.542,31.956,30.462,30.716,29.546,23.349,32.432,24.487,16.95
93.314,52.665,31.768,30.462,30.549,29.232,23.292,32.413,24.448,16.849
93.455,52.774,31.768,30.462,30.548,29.231,23.383,32.464,24.506,16.987
93.907,53.025,31.835,30.462,30.611,29.342,23.609,32.568,24.692,17.409
94.167,53.177,31.866,30.462,30.639,29.395,23.736,32.65,24.831,17.744
93.878,53.085,31.826,30.462,30.602,29.327,23.623,32.598,24.742,17.487
93.738,53.057,31.811,30.462,30.589,29.303,23.59,32.576,24.694,17.401
93.1,52.862,31.837,30.462,30.613,29.347,23.475,32.515,24.597,17.194
92.33,52.652,31.866,30.462,30.639,29.394,23.378,32.467,24.522,17.042
92.042,52.682,31.829,30.462,30.606,29.333,23.379,32.468,24.519,17.039
91.352,52.507,31.725,30.462,30.507,29.161,23.19,32.342,24.303,16.612
91.127,52.574,31.667,30.462,30.449,29.066,23.179,32.319,24.259,16.513
90.484,52.423,31.595,30.462,30.375,28.949,23.024,32.201,24.046,16.134
89.675,52.177,31.543,30.462,30.32,28.866,22.83,31.997,23.677,15.614
88.919,51.95,31.582,30.462,30.361,28.928,22.721,31.939,23.582,15.501
88.488,51.911,31.603,30.462,30.383,28.962,22.709,31.971,23.644,15.586
88.159,51.935,31.539,30.462,30.316,28.86,22.668,31.955,23.615,15.549
87.961,52.037,31.458,30.462,30.227,28.731,22.658,31.946,23.593,15.521
87.565,52.025,31.419,30.462,30.184,28.671,22.614,31.902,23.514,15.425
86.936,51.877,31.523,30.462,30.298,28.834,22.606,31.903,23.519,15.439
86.647,51.932,31.6,30.462,30.381,28.958,22.699,31.992,23.687,15.661
86.369,51.995,31.652,30.462,30.434,29.042,22.781,32.064,23.814,15.835
86.091,52.058,31.622,30.462,30.403,28.993,22.799,32.081,23.848,15.885
85.957,52.204,31.626,30.462,30.407,28.999,22.883,32.143,23.965,16.063
86.179,52.536,31.671,30.462,30.454,29.073,23.117,32.303,24.246,16.529
85.687,52.487,31.742,30.462,30.523,29.188,23.143,32.326,24.288,16.609
85.467,52.581,31.805,30.462,30.583,29.292,23.253,32.399,24.413,16.848
85.174,52.637,31.851,30.462,30.626,29.37,23.328,32.449,24.503,17.03
84.93,52.719,31.874,30.462,30.646,29.409,23.4,32.493,24.587,17.211
84.599,52.758,31.897,30.462,30.666,29.447,23.443,32.521,24.641,17.332
84.311,52.819,31.91,30.462,30.677,29.468,23.492,32.55,24.695,17.459
84.461,53.02,31.91,30.462,30.677,29.468,23.624,32.629,24.855,17.934
84.213,53.031,32.042,30.462,30.784,29.694,23.719,32.677,24.929,18.138
83.885,53.005,32.033,30.462,30.777,29.678,23.696,32.666,24.911,18.088
83.61,53.004,32.037,30.462,30.78,29.685,23.697,32.666,24.918,18.107
83.487,53.072,32.02,30.462,30.767,29.656,23.731,32.68,24.941,18.173
82.826,52.894,31.966,30.462,30.724,29.563,23.563,32.592,24.8,17.789
82.371,52.809,31.871,30.462,30.643,29.403,23.436,32.522,24.683,17.504
82.075,52.8,31.895,30.462,30.665,29.444,23.444,32.525,24.694,17.529
81.792,52.798,31.934,30.462,30.698,29.509,23.477,32.546,24.729,17.613
81.602,52.842,31.976,30.462,30.732,29.58,23.542,32.583,24.79,17.763
81.445,52.902,31.996,30.462,30.748,29.614,23.603,32.616,24.839,17.891
81.193,52.917,31.982,30.462,30.737,29.591,23.609,32.621,24.84,17.895
80.915,52.92,31.994,30.462,30.747,29.612,23.629,32.632,24.853,17.927
80.781,52.99,32.027,30.462,30.773,29.669,23.707,32.672,24.922,18.116
80.584,53.032,32.052,30.462,30.791,29.71,23.754,32.696,24.963,18.236
80.772,53.192,32.033,30.462,30.777,29.678,23.855,32.744,25.042,18.479
80.756,53.26,32.041,30.462,30.783,29.692,23.912,32.77,25.083,18.612
80.725,53.32,32.065,30.462,30.801,29.733,23.974,32.797,25.124,18.75
80.677,53.371,32.091,30.462,30.82,29.778,24.034,32.823,25.166,18.9
80.547,53.39,32.099,30.462,30.826,29.793,24.058,32.834,25.185,18.972
80.284,53.353,32.187,30.462,30.884,29.947,24.094,32.849,25.209,19.063
79.994,53.305,32.185,30.462,30.882,29.942,24.057,32.834,25.186,18.976
79.944,53.358,32.19,30.462,30.885,29.951,24.101,32.852,25.214,19.082
79.71,53.334,32.178,30.462,30.878,29.93,24.075,32.841,25.198,19.02
79.49,53.315,32.156,30.462,30.864,29.892,24.047,32.829,25.18,18.952
79.18,53.259,32.153,30.462,30.862,29.887,24.004,32.81,25.152,18.85
79.01,53.262,32.148,30.462,30.859,29.878,24.001,32.809,25.15,18.843
78.858,53.273,32.11,30.462,30.833,29.811,23.97,32.796,25.13,18.771
78.425,53.163,32.065,30.462,30.801,29.733,23.852,32.742,25.045,18.487
78.085,53.092,32.046,30.462,30.787,29.701,23.785,32.709,24.991,18.321
80.868,53.833,32.068,30.462,30.803,29.739,24.374,32.956,25.368,19.919
81.682,53.833,32.103,30.462,30.828,29.799,24.401,32.966,25.384,20.003
82.529,53.833,32.098,30.462,30.825,29.791,24.397,32.965,25.383,19.996
83.34,53.833,32.045,30.462,30.786,29.7,24.363,32.952,25.367,19.916
84.194,53.833,31.965,30.462,30.723,29.562,24.291,32.925,25.33,19.734
85.148,53.833,31.877,30.462,30.649,29.414,24.207,32.891,25.281,19.513
85.908,53.767,31.791,30.462,30.571,29.27,24.065,32.832,25.193,19.152
86.234,53.583,31.711,30.462,30.493,29.137,23.839,32.73,25.038,18.611
87.053,53.586,31.698,30.462,30.481,29.117,23.824,32.72,25.027,18.574
87.623,53.497,31.763,30.462,30.544,29.223,23.798,32.709,25.01,18.522
88.61,53.574,31.828,30.462,30.605,29.332,23.906,32.762,25.09,18.781
89.333,53.555,31.854,30.462,30.628,29.375,23.897,32.76,25.083,18.758
89.825,53.449,31.809,30.462,30.587,29.3,23.743,32.688,24.97,18.401
90.269,53.323,31.666,30.462,30.448,29.064,23.491,32.557,24.762,17.831
90.701,53.194,31.466,30.462,30.236,28.744,23.217,32.398,24.502,17.234
90.929,52.971,31.156,30.462,29.878,28.268,22.844,32.154,24.095,16.476
91.315,52.816,30.66,30.462,29.272,27.556,22.403,31.823,23.528,15.646
90.145,51.8,30.792,30.462,29.435,27.74,21.938,31.42,22.827,14.857
91.908,52.412,30.904,30.462,29.572,27.898,22.371,31.8,23.488,15.595
90.653,51.403,31.015,30.462,29.708,28.059,21.922,31.413,22.816,14.846
91.524,51.823,30.973,30.462,29.657,27.998,22.073,31.554,23.059,15.096
90.4,50.953,30.944,30.462,29.621,27.956,21.588,31.084,22.229,14.324
91.128,51.314,31.021,30.462,29.715,28.068,21.809,31.295,22.61,14.651
90.855,50.891,31.134,30.462,29.852,28.235,21.71,31.2,22.446,14.505
91.406,51.232,31.215,30.462,29.948,28.356,21.953,31.439,22.868,14.897
91.608,51.235,31.314,30.462,30.064,28.508,22.041,31.523,23.019,15.053
93.41,52.221,31.327,30.462,30.079,28.527,22.561,31.956,23.768,15.971
92.561,51.601,31.244,30.462,29.983,28.401,22.128,31.604,23.16,15.206
93.457,52.026,30.862,30.462,29.521,27.838,22.005,31.494,22.967,14.998
91.903,50.891,30.587,30.462,29.183,27.457,21.201,30.657,21.48,13.787
92.096,50.891,30.294,30.462,28.827,27.072,20.982,30.386,20.992,13.499
92.847,50.821,30.092,30.462,28.588,26.819,20.853,30.011,20.308,13.315
93.631,50.817,29.93,30.462,28.403,26.625,20.786,29.912,20.123,13.229
94.494,50.819,30.012,30.462,28.496,26.722,20.855,30.033,20.334,13.328
92.699,49.363,30.168,30.462,28.677,26.913,20.427,29.423,19.218,12.87
92.335,49.061,30.324,30.462,28.863,27.111,20.429,29.432,19.236,12.876
93.283,49.871,30.324,30.462,28.863,27.111,20.7,29.862,20.024,13.185
92.475,49.192,30.278,30.462,28.808,27.052,20.428,29.466,19.293,12.896
93.082,49.701,30.25,30.462,28.775,27.017,20.567,29.649,19.627,13.02
91.912,48.66,30.244,30.462,28.767,27.008,20.17,29.001,18.441,12.63
92.508,49.193,30.235,30.462,28.756,26.997,20.305,29.26,18.914,12.769
91.436,48.179,30.242,30.462,28.765,27.006,20.035,28.796,18.064,12.533
92.023,48.735,30.49,30.462,29.064,27.327,20.387,29.41,19.2,12.863
91.863,48.609,30.775,30.462,29.413,27.715,20.563,29.703,19.75,13.069
93.836,50.318,30.991,30.462,29.679,28.024,21.352,30.754,21.66,14.106
94.021,50.485,31.086,30.462,29.794,28.163,21.508,30.94,21.996,14.356
94.254,50.837,31.004,30.462,29.695,28.043,21.614,31.059,22.208,14.528
94.165,50.838,30.976,30.462,29.66,28.002,21.601,31.048,22.189,14.512
94.008,50.838,31.01,30.462,29.702,28.051,21.639,31.087,22.259,14.571
93.96,50.84,31.145,30.462,29.865,28.251,21.74,31.194,22.445,14.735
93.671,50.841,31.292,30.462,30.039,28.474,21.84,31.3,22.627,14.904
93.552,50.842,31.369,30.462,30.127,28.591,21.897,31.362,22.736,15.011
93.234,50.842,31.396,30.462,30.158,28.635,21.923,31.39,22.786,15.061
93.035,50.842,31.422,30.462,30.187,28.675,21.944,31.413,22.826,15.102
92.684,50.842,31.435,30.462,30.202,28.695,21.956,31.427,22.852,15.128
92.455,50.84,31.512,30.462,30.286,28.816,22.012,31.482,22.948,15.23
92.197,50.84,31.574,30.462,30.353,28.915,22.064,31.53,23.032,15.322
92.774,51.317,31.632,30.462,30.414,29.01,22.341,31.769,23.448,15.819
93.204,51.596,31.686,30.462,30.468,29.096,22.519,31.912,23.693,16.152
93.187,51.586,31.675,30.462,30.457,29.078,22.502,31.902,23.679,16.133
93.227,51.611,31.667,30.462,30.449,29.066,22.508,31.909,23.692,16.151
93.134,51.569,31.668,30.462,30.451,29.068,22.503,31.948,23.763,15.868
94.967,52.614,32.143,30.462,30.855,29.869,23.442,32.558,24.772,17.739
95.203,52.732,32.183,30.462,30.881,29.94,23.556,32.618,24.869,17.989
95.406,52.831,32.22,30.462,30.904,30.005,23.648,32.665,24.94,18.189
95.51,52.88,32.242,30.462,30.916,30.044,23.69,32.686,24.972,18.283
95.507,52.879,32.246,30.462,30.918,30.05,23.677,32.679,24.963,18.256
95.189,52.725,32.25,30.462,30.921,30.058,23.575,32.628,24.883,18.029
95.296,52.777,32.264,30.462,30.928,30.082,23.641,32.662,24.936,18.176
95.329,52.793,32.31,30.462,30.952,30.165,23.709,32.695,24.988,18.33
95.575,52.911,32.329,30.462,30.961,30.198,23.823,32.749,25.071,18.591
95.544,52.896,32.361,30.462,30.976,30.256,23.849,32.761,25.089,18.65
95.91,53.065,32.388,30.462,30.987,30.304,23.974,32.816,25.171,18.938
95.619,52.932,32.412,30.462,30.996,30.349,23.856,32.764,25.093,18.664
94.752,52.503,32.416,30.462,30.998,30.355,23.589,32.635,24.894,18.058
95.338,52.798,32.431,30.462,31.003,30.383,23.79,32.734,25.046,18.512
95.723,52.98,32.447,30.462,31.008,30.412,23.93,32.797,25.142,18.836
95.81,53.02,32.461,30.462,31.013,30.439,23.969,32.814,25.168,18.928
95.788,53.01,32.475,30.462,31.017,30.464,23.981,32.819,25.175,18.956
95.846,53.036,32.484,30.462,31.02,30.48,24.019,32.835,25.2,19.048
95.943,53.08,32.432,30.462,31.003,30.385,24.026,32.838,25.205,19.069
96.415,53.285,32.421,30.462,31,30.365,24.178,32.899,25.294,19.437
96.132,53.164,32.431,30.462,31.003,30.384,24.105,32.871,25.254,19.266
96.108,53.153,32.444,30.462,31.008,30.407,24.112,32.873,25.258,19.283
96.326,53.248,32.456,30.462,31.012,30.429,24.195,32.906,25.305,19.486
96.395,53.277,32.466,30.462,31.015,30.446,24.228,32.918,25.323,19.565
96.566,53.348,32.472,30.462,31.016,30.458,24.287,32.94,25.354,19.712
96.443,53.297,32.481,30.462,31.019,30.474,24.258,32.93,25.34,19.645
96.569,53.35,32.487,30.462,31.021,30.485,24.303,32.946,25.363,19.756
96.659,53.387,32.493,30.462,31.022,30.497,24.336,32.958,25.379,19.841
96.946,53.501,32.499,30.462,31.024,30.508,24.428,32.99,25.422,20.073
96.847,53.462,32.505,30.462,31.026,30.519,24.404,32.982,25.411,20.008
96.742,53.415,32.513,30.462,31.028,30.534,24.374,32.976,25.403,19.763
96.785,53.433,32.537,30.462,31.033,30.577,24.407,32.987,25.418,19.853
97.027,53.528,32.542,30.462,31.034,30.587,24.489,33.014,25.455,20.069
97.041,53.534,32.458,30.462,31.012,30.433,24.437,32.997,25.433,19.939
97.045,53.535,32.463,30.462,31.014,30.442,24.443,32.999,25.435,19.953
96.883,53.472,32.468,30.462,31.015,30.45,24.4,32.985,25.416,19.846
96.949,53.498,32.471,30.462,31.016,30.457,24.424,32.992,25.426,19.901
97.132,53.569,32.474,30.462,31.017,30.461,24.481,33.011,25.452,20.048
97.193,53.592,32.477,30.462,31.018,30.467,24.503,33.018,25.461,20.102
97.233,53.607,32.481,30.462,31.019,30.475,24.519,33.023,25.467,20.145
97.302,53.634,32.483,30.462,31.02,30.479,24.547,33.032,25.479,20.227
97.195,53.593,32.486,30.462,31.02,30.483,24.523,33.025,25.469,20.17
97.272,53.622,32.488,30.462,31.021,30.488,24.553,33.034,25.481,20.252
97.351,53.652,32.49,30.462,31.022,30.491,24.581,33.043,25.492,20.33
97.428,53.68,32.487,30.462,31.021,30.486,24.602,33.049,25.5,20.387
97.005,53.545,32.479,30.462,31.018,30.471,24.483,33.012,25.452,20.073
97.107,53.608,32.476,30.462,31.018,30.465,24.53,33.027,25.472,20.196
97.039,53.606,32.481,30.462,31.019,30.475,24.534,33.028,25.473,20.209
96.883,53.571,32.482,30.462,31.019,30.477,24.509,33.02,25.463,20.149
96.846,53.581,32.489,30.462,31.021,30.49,24.524,33.025,25.469,20.182
96.96,53.648,32.492,30.462,31.022,30.495,24.581,33.043,25.491,20.325
96.809,53.616,32.491,30.462,31.022,30.493,24.554,33.034,25.481,20.257
96.749,53.617,32.493,30.462,31.022,30.497,24.558,33.036,25.482,20.269
96.673,53.612,32.493,30.462,31.022,30.497,24.557,33.035,25.482,20.268
96.68,53.639,32.493,30.462,31.023,30.497,24.579,33.042,25.491,20.329
96.54,53.611,32.495,30.462,31.023,30.501,24.559,33.036,25.484,20.279
96.57,53.646,32.497,30.462,31.023,30.504,24.59,33.045,25.496,20.358
96.486,53.639,32.501,30.462,31.025,30.512,24.587,33.045,25.495,20.348
96.429,53.642,32.501,30.462,31.025,30.512,24.59,33.045,25.496,20.355
96.41,53.659,32.504,30.462,31.025,30.516,24.609,33.051,25.503,20.406
95.242,53.317,32.504,30.462,31.025,30.517,24.348,32.966,25.392,19.748
96.37,53.762,32.507,30.462,31.026,30.522,24.701,33.068,25.524,20.644
96.539,53.823,32.66,30.462,31.049,30.808,24.864,33.112,25.575,21.08
96.54,53.823,32.688,30.462,31.049,30.86,24.885,33.117,25.581,21.138
96.428,53.783,32.69,30.462,31.049,30.864,24.854,33.109,25.572,21.052
96.433,53.785,32.692,30.462,31.049,30.867,24.856,33.11,25.573,21.059
96.393,53.771,32.692,30.462,31.049,30.867,24.846,33.107,25.57,21.032
96.432,53.785,32.689,30.462,31.049,30.861,24.856,33.11,25.574,21.064
96.472,53.799,32.687,30.462,31.049,30.858,24.867,33.113,25.577,21.096
96.309,53.741,32.689,30.462,31.049,30.862,24.819,33.1,25.563,20.965
96.402,53.774,32.691,30.462,31.049,30.866,24.85,33.108,25.572,21.047
96.466,53.796,32.691,30.462,31.049,30.866,24.871,33.114,25.578,21.106
96.506,53.81,32.656,30.462,31.049,30.8,24.858,33.111,25.574,21.074
96.388,53.769,32.561,30.462,31.038,30.622,24.756,33.083,25.543,20.798
96.276,53.729,32.559,30.462,31.038,30.619,24.723,33.074,25.532,20.708
96.322,53.746,32.564,30.462,31.038,30.628,24.74,33.079,25.538,20.756
96.42,53.78,32.568,30.462,31.039,30.636,24.773,33.088,25.548,20.837
96.459,53.794,32.57,30.462,31.039,30.64,24.785,33.091,25.552,20.87
96.529,53.823,32.572,30.462,31.04,30.643,24.811,33.098,25.559,20.935
96.486,53.823,32.573,30.462,31.04,30.645,24.813,33.099,25.56,20.938
96.475,53.823,32.57,30.462,31.039,30.639,24.812,33.098,25.56,20.934
96.528,53.823,32.564,30.462,31.038,30.627,24.802,33.096,25.557,20.893
96.262,53.724,32.56,30.462,31.038,30.621,24.71,33.071,25.526,20.644
95.932,53.602,32.558,30.462,31.037,30.616,24.608,33.041,25.489,20.376
95.962,53.613,32.558,30.462,31.037,30.617,24.618,33.044,25.493,20.407
96.306,53.74,32.559,30.462,31.037,30.619,24.723,33.074,25.531,20.69
96.334,53.75,32.561,30.462,31.038,30.621,24.734,33.078,25.534,20.715
96.31,53.741,32.562,30.462,31.038,30.624,24.731,33.076,25.533,20.705
96.312,53.742,32.563,30.462,31.038,30.626,24.734,33.077,25.534,20.714
96.211,53.705,32.563,30.462,31.038,30.626,24.705,33.069,25.524,20.637
96.278,53.73,32.565,30.462,31.038,30.629,24.725,33.075,25.531,20.696
96.341,53.736,32.559,30.462,31.037,30.618,24.725,33.074,25.528,20.632
96.083,53.642,32.537,30.462,31.033,30.578,24.632,33.047,25.494,20.388
96.165,53.671,32.537,30.462,31.033,30.579,24.656,33.054,25.503,20.453
96.102,53.647,32.537,30.462,31.033,30.578,24.636,33.048,25.495,20.4
96.139,53.661,32.539,30.462,31.034,30.582,24.65,33.053,25.501,20.441
96.088,53.643,32.541,30.462,31.034,30.585,24.638,33.049,25.497,20.411
95.564,53.441,32.543,30.462,31.034,30.588,24.482,33,25.433,20.012
95.431,53.387,32.543,30.462,31.034,30.589,24.442,32.987,25.415,19.912
95.391,53.371,32.541,30.462,31.034,30.586,24.429,32.982,25.409,19.88
95.41,53.379,32.538,30.462,31.033,30.579,24.433,32.983,25.411,19.89
95.279,53.325,32.531,30.462,31.032,30.566,24.388,32.968,25.39,19.776
95.436,53.389,32.524,30.462,31.03,30.554,24.432,32.983,25.411,19.889
95.527,53.427,32.524,30.462,31.03,30.554,24.46,32.993,25.423,19.959
95.624,53.466,32.529,30.462,31.031,30.562,24.492,33.003,25.437,20.035
95.582,53.449,32.531,30.462,31.032,30.567,24.479,32.999,25.429,19.994
95.605,53.458,32.528,30.462,31.031,30.562,24.485,33.001,25.432,20.008
95.644,53.472,32.521,30.462,31.029,30.548,24.491,33.003,25.434,20.023
95.732,53.507,32.509,30.462,31.027,30.527,24.51,33.009,25.442,20.071
95.635,53.469,32.499,30.462,31.024,30.508,24.473,32.997,25.426,19.979
95.463,53.4,32.505,30.462,31.026,30.519,24.424,32.98,25.403,19.85
95.5,53.416,32.506,30.462,31.026,30.521,24.435,32.984,25.406,19.867
95.599,53.455,32.506,30.462,31.026,30.521,24.466,32.995,25.42,19.945
95.565,53.442,32.507,30.462,31.026,30.523,24.459,32.992,25.417,19.93
95.665,53.482,32.508,30.462,31.026,30.523,24.491,33.003,25.434,20.027
95.63,53.468,32.508,30.462,31.026,30.524,24.48,32.999,25.43,20
95.681,53.488,32.508,30.462,31.026,30.525,24.496,33.004,25.437,20.039
95.664,53.481,32.508,30.462,31.026,30.524,24.49,33.002,25.434,20.025
95.549,53.435,32.509,30.462,31.027,30.526,24.455,32.991,25.419,19.937
95.547,53.435,32.509,30.462,31.027,30.527,24.455,32.991,25.418,19.936
95.606,53.458,32.512,30.462,31.027,30.532,24.477,32.998,25.428,19.992
95.668,53.483,32.514,30.462,31.028,30.535,24.498,33.005,25.435,20.031
95.65,53.491,32.517,30.462,31.029,30.541,24.507,33.01,25.44,20.034
95.841,53.566,32.52,30.462,31.029,30.547,24.568,33.029,25.466,20.178
95.782,53.543,32.515,30.462,31.028,30.538,24.545,33.022,25.459,20.113
95.745,53.528,32.51,30.462,31.027,30.529,24.529,33.016,25.454,20.066
95.832,53.562,32.503,30.462,31.025,30.515,24.549,33.023,25.465,20.123
95.874,53.578,32.499,30.462,31.024,30.508,24.559,33.026,25.47,20.179
95.853,53.57,32.505,30.462,31.026,30.519,24.557,33.025,25.469,20.176
95.94,53.603,32.511,30.462,31.027,30.529,24.588,33.035,25.48,20.247
95.83,53.561,32.514,30.462,31.028,30.535,24.558,33.026,25.464,20.151
95.884,53.582,32.513,30.462,31.028,30.534,24.574,33.031,25.473,20.196
95.921,53.596,32.516,30.462,31.028,30.539,24.588,33.035,25.479,20.24
95.946,53.606,32.516,30.462,31.028,30.539,24.596,33.038,25.482,20.268
95.943,53.604,32.518,30.462,31.029,30.542,24.597,33.038,25.482,20.27
95.889,53.584,32.519,30.462,31.029,30.546,24.582,33.033,25.477,20.236
95.953,53.608,32.527,30.462,31.031,30.559,24.608,33.041,25.488,20.314
95.954,53.609,32.522,30.462,31.03,30.55,24.605,33.04,25.488,20.314
95.965,53.613,32.519,30.462,31.029,30.545,24.606,33.04,25.488,20.318
95.987,53.621,32.52,30.462,31.029,30.546,24.613,33.043,25.49,20.325
95.975,53.616,32.521,30.462,31.03,30.548,24.61,33.042,25.488,20.316
96.014,53.631,32.522,30.462,31.03,30.551,24.624,33.046,25.493,20.353
95.916,53.594,32.524,30.462,31.03,30.554,24.596,33.037,25.483,20.283
95.997,53.625,32.526,30.462,31.031,30.558,24.622,33.045,25.493,20.356
96.029,53.637,32.523,30.462,31.03,30.552,24.63,33.048,25.497,20.379
95.99,53.622,32.534,30.462,31.032,30.572,24.625,33.046,25.495,20.367
95.905,53.59,32.535,30.462,31.033,30.574,24.601,33.039,25.485,20.283
95.961,53.611,32.511,30.462,31.027,30.53,24.599,33.038,25.485,20.155
96.028,53.636,32.496,30.462,31.023,30.503,24.608,33.041,25.489,20.271
95.983,53.619,32.506,30.462,31.026,30.521,24.599,33.038,25.485,20.265
95.92,53.596,32.516,30.462,31.028,30.539,24.588,33.035,25.481,20.245
95.938,53.603,32.518,30.462,31.029,30.542,24.596,33.037,25.483,20.268
95.886,53.6,32.521,30.462,31.029,30.547,24.596,33.043,25.489,20.303
95.689,53.528,32.523,30.462,31.03,30.552,24.54,33.026,25.467,20.144
95.787,53.57,32.514,30.462,31.028,30.535,24.566,33.034,25.477,20.216
95.84,53.594,32.519,30.462,31.029,30.544,24.59,33.041,25.484,20.276
95.799,53.581,32.541,30.462,31.034,30.584,24.598,33.044,25.482,20.277
95.794,53.583,32.558,30.462,31.037,30.616,24.615,33.049,25.485,20.298
95.75,53.57,32.556,30.462,31.037,30.614,24.606,33.046,25.481,20.272
95.809,53.596,32.557,30.462,31.037,30.614,24.628,33.052,25.49,20.334
95.832,53.608,32.547,30.462,31.035,30.596,24.63,33.053,25.491,20.347
95.761,53.585,32.543,30.462,31.034,30.589,24.609,33.047,25.483,20.292
95.526,53.497,32.453,30.462,31.011,30.424,24.476,33.005,25.429,19.964
95.518,53.498,32.443,30.462,31.007,30.405,24.469,33.003,25.427,19.954
95.508,53.498,32.432,30.462,31.004,30.385,24.46,33,25.422,19.929
95.418,53.466,32.438,30.462,31.006,30.396,24.438,32.993,25.415,19.889
95.41,53.466,32.432,30.462,31.004,30.385,24.433,32.991,25.418,19.906
95.387,53.461,32.43,30.462,31.003,30.382,24.426,32.989,25.414,19.871
95.284,53.423,32.422,30.462,31,30.367,24.39,32.976,25.396,19.746
95.333,53.447,32.42,30.462,30.999,30.363,24.405,32.981,25.406,19.738
95.291,53.434,32.397,30.462,30.991,30.322,24.378,32.972,25.398,19.444
95.281,53.433,32.38,30.462,30.984,30.291,24.364,32.967,25.389,19.368
95.14,53.38,32.331,30.462,30.962,30.203,24.284,32.939,25.343,18.617
94.98,53.318,32.291,30.462,30.943,30.131,24.198,32.906,25.293,18.706
94.987,53.325,32.288,30.462,30.941,30.125,24.186,32.902,25.291,18.822
94.827,53.261,32.279,30.462,30.936,30.109,24.135,32.882,25.265,18.727
94.711,53.216,32.323,30.462,30.958,30.188,24.137,32.883,25.265,18.845
94.929,53.312,32.357,30.462,30.974,30.249,24.226,32.917,25.318,19.135
94.75,53.24,32.377,30.462,30.983,30.286,24.183,32.9,25.296,19.019
94.75,53.245,32.385,30.462,30.986,30.299,24.188,32.902,25.299,19.077
94.978,53.344,32.392,30.462,30.989,30.313,24.271,32.934,25.341,19.318
94.855,53.297,32.403,30.462,30.993,30.332,24.25,32.926,25.327,19.281
95.04,53.378,32.412,30.462,30.996,30.349,24.319,32.951,25.364,19.475
95.256,53.452,32.455,30.462,31.011,30.427,24.412,33.011,25.46,20.139
95.034,53.362,32.337,30.462,30.965,30.213,24.261,32.96,25.389,19.737
95.143,53.407,32.27,30.462,30.932,30.094,24.245,32.954,25.381,19.701
95.19,53.426,32.262,30.462,30.927,30.08,24.251,32.956,25.386,19.729
95.103,53.39,32.274,30.462,30.934,30.101,24.234,32.95,25.379,19.692
95.262,53.455,32.264,30.462,30.929,30.083,24.275,32.965,25.399,19.8
95.166,53.416,32.236,30.462,30.913,30.033,24.225,32.947,25.374,19.677
95.163,53.415,32.226,30.462,30.907,30.015,24.215,32.943,25.369,19.653
95.186,53.424,32.238,30.462,30.914,30.037,24.229,32.948,25.374,19.676
95.115,53.395,32.226,30.462,30.907,30.016,24.196,32.936,25.357,19.548
95.049,53.368,32.232,30.462,30.91,30.025,24.178,32.93,25.349,19.503
95.031,53.361,32.223,30.462,30.905,30.01,24.165,32.925,25.345,19.486
95.097,53.388,32.205,30.462,30.895,29.978,24.171,32.927,25.348,19.506
95.097,53.388,32.201,30.462,30.892,29.972,24.169,32.926,25.35,19.521
95.046,53.367,32.211,30.462,30.898,29.988,24.16,32.923,25.346,19.505
95.004,53.35,32.209,30.462,30.897,29.986,24.147,32.918,25.341,19.477
94.363,53.073,32.215,30.462,30.9,29.996,23.954,32.842,25.234,18.999
94.298,53.044,32.222,30.462,30.904,30.007,23.939,32.835,25.225,18.972
94.272,53.032,32.215,30.462,30.901,29.996,23.927,32.83,25.214,18.927
94.307,53.048,32.288,30.462,30.941,30.125,23.989,32.856,25.248,19.049
94.317,53.052,32.317,30.462,30.956,30.178,24.012,32.865,25.264,19.12
94.304,53.047,32.332,30.462,30.963,30.205,24.015,32.867,25.269,19.147
94.264,53.029,32.32,30.462,30.957,30.183,23.995,32.859,25.257,19.102
94.206,53.002,32.317,30.462,30.955,30.177,23.978,32.851,25.242,19.046
94.185,52.992,32.329,30.462,30.961,30.198,23.981,32.853,25.243,19.055
94.262,53.028,32.32,30.462,30.957,30.182,23.998,32.86,25.254,19.102
94.183,52.991,32.314,30.462,30.954,30.173,23.97,32.848,25.231,19.017
94.168,52.984,32.311,30.462,30.953,30.167,23.964,32.846,25.224,18.989
94.304,53.046,32.316,30.462,30.955,30.175,24.011,32.865,25.255,19.119
94.317,53.053,32.317,30.462,30.956,30.178,24.019,32.868,25.256,19.126
94.185,52.992,32.317,30.462,30.955,30.177,23.978,32.851,25.232,19.034
94.731,53.223,32.31,30.462,30.952,30.165,24.139,32.874,25.264,19.17
94.412,53.083,32.247,30.462,30.919,30.052,23.992,32.813,25.171,18.806
94.467,53.108,32.213,30.462,30.899,29.991,23.984,32.81,25.167,18.786
94.35,53.055,32.296,30.462,30.945,30.14,24.007,32.819,25.188,18.834
94.498,53.121,32.324,30.462,30.959,30.19,24.072,32.846,25.232,18.94
94.367,53.063,32.28,30.462,30.937,30.111,23.992,32.808,25.176,18.571
94.383,53.07,32.295,30.462,30.944,30.137,23.99,32.794,25.111,17.613
94.423,53.088,32.288,30.462,30.941,30.126,23.974,32.795,25.134,18.306
94.335,53.048,32.281,30.462,30.937,30.113,23.967,32.795,25.156,18.437
94.358,53.059,32.276,30.462,30.935,30.104,23.967,32.792,25.146,18.366
94.214,52.993,32.273,30.462,30.933,30.098,23.917,32.77,25.118,18.235
94.15,52.963,32.253,30.462,30.922,30.064,23.888,32.757,25.103,18.167
93.976,52.882,32.177,30.462,30.877,29.928,23.772,32.696,25.007,17.791
93.732,52.764,32.055,30.462,30.794,29.717,23.593,32.598,24.857,17.544
93.732,52.764,32.039,30.462,30.782,29.689,23.583,32.603,24.87,17.675
93.802,52.798,32.083,30.462,30.814,29.765,23.653,32.646,24.937,17.896
93.808,52.801,32.153,30.462,30.862,29.886,23.712,32.678,24.986,18.058
93.965,52.876,32.195,30.462,30.888,29.96,23.795,32.72,25.054,18.263
93.935,52.862,32.221,30.462,30.904,30.006,23.806,32.726,25.065,18.311
94.019,52.902,32.199,30.462,30.891,29.967,23.817,32.731,25.075,18.357
93.999,52.893,32.202,30.462,30.893,29.972,23.815,32.73,25.072,18.355
94.005,52.896,32.223,30.462,30.905,30.01,23.835,32.74,25.083,18.398
94.064,52.923,32.229,30.462,30.909,30.021,23.858,32.751,25.095,18.44
94.155,52.966,32.243,30.462,30.917,30.045,23.898,32.769,25.118,18.516
94.104,52.942,32.238,30.462,30.914,30.036,23.878,32.76,25.105,18.46
94.031,52.908,32.24,30.462,30.915,30.04,23.852,32.748,25.088,18.376
93.699,52.748,32.23,30.462,30.909,30.022,23.736,32.692,25.007,18.111
93.979,52.883,32.23,30.462,30.909,30.023,23.82,32.731,25.067,18.31
93.652,52.771,32.2,30.462,30.892,29.97,23.729,32.682,24.991,18.098
94.501,53.199,32.242,30.462,30.916,30.044,24.054,32.831,25.212,18.855
94.607,53.278,32.237,30.462,30.913,30.034,24.11,32.855,25.248,18.994
94.628,53.32,32.251,30.462,30.921,30.06,24.152,32.874,25.279,19.035
94.485,53.293,32.236,30.462,30.913,30.033,24.119,32.859,25.256,18.715
93.981,53.11,32.163,30.462,30.868,29.904,23.919,32.765,25.115,18.127
93.716,53.027,32.052,30.462,30.791,29.711,23.76,32.673,24.975,17.7
93.664,53.04,31.999,30.462,30.751,29.62,23.703,32.634,24.916,17.652
93.229,52.875,32.001,30.462,30.752,29.623,23.589,32.579,24.827,17.49
93.326,52.958,32.05,30.462,30.79,29.708,23.689,32.644,24.917,17.773
93.473,53.062,32.08,30.462,30.812,29.759,23.787,32.7,24.999,18.035
93.441,53.084,32.106,30.462,30.83,29.804,23.826,32.719,25.029,18.13
93.532,53.16,32.072,30.462,30.806,29.745,23.855,32.73,25.046,18.201
93.187,53.043,32.099,30.462,30.825,29.792,23.791,32.698,24.997,18.065
93.366,53.159,32.044,30.462,30.785,29.698,23.831,32.717,25.026,18.138
93.123,53.088,32.007,30.462,30.757,29.634,23.752,32.675,24.96,17.941
93.039,53.086,31.981,30.462,30.736,29.589,23.731,32.659,24.936,17.89
92.719,52.978,31.995,30.462,30.748,29.613,23.669,32.633,24.895,17.789
92.887,53.092,32.055,30.462,30.794,29.717,23.792,32.7,24.999,18.093
92.705,53.047,32.086,30.462,30.816,29.77,23.791,32.703,25.003,18.111
92.662,53.065,32.094,30.462,30.822,29.783,23.811,32.713,25.019,18.168
92.447,53.005,32.086,30.462,30.816,29.77,23.762,32.691,24.984,18.069
92.653,53.135,32.077,30.462,30.81,29.755,23.847,32.732,25.049,18.268
92.505,53.106,32.05,30.462,30.79,29.707,23.798,32.71,25.014,18.162
92.75,53.249,32.055,30.462,30.794,29.716,23.895,32.754,25.083,18.374
93.027,53.399,32.041,30.462,30.783,29.692,23.989,32.795,25.145,18.588
92.972,53.411,32.025,30.462,30.771,29.664,23.983,32.793,25.141,18.565
92.586,53.319,31.958,30.462,30.718,29.551,23.872,32.741,25.064,18.298
91.545,53.009,31.925,30.462,30.69,29.494,23.633,32.615,24.871,17.737
91.12,52.967,31.963,30.462,30.722,29.559,23.641,32.617,24.876,17.761
90.851,52.999,32.029,30.462,30.774,29.672,23.716,32.661,24.942,17.952
90.581,53.042,32.068,30.462,30.803,29.739,23.781,32.656,24.934,17.975
90.69,53.25,32.168,30.462,30.871,29.912,24.003,32.768,25.105,18.502
90.108,53.156,32.195,30.462,30.889,29.961,23.961,32.75,25.078,18.416
89.851,53.205,32.213,30.462,30.899,29.992,24.015,32.773,25.112,18.533
89.349,53.148,32.214,30.462,30.9,29.994,23.976,32.753,25.08,18.423
89.162,53.229,32.182,30.462,30.881,29.938,24.01,32.767,25.1,18.472
88.795,53.234,32.093,30.462,30.821,29.782,23.946,32.72,25.029,18.239
88.105,53.099,32.039,30.462,30.781,29.688,23.805,32.612,24.867,17.777
87.861,53.161,32.001,30.462,30.752,29.624,23.82,32.636,24.91,17.884
87.238,53.056,31.966,30.462,30.724,29.564,23.724,32.592,24.846,17.722
86.71,52.993,32.003,30.462,30.754,29.626,23.713,32.59,24.848,17.721
86.224,52.95,32.04,30.462,30.782,29.691,23.715,32.602,24.871,17.78
85.882,52.976,32.082,30.462,30.813,29.763,23.764,32.627,24.911,17.859
85.602,53.03,32.089,30.462,30.818,29.775,23.81,32.654,24.95,17.992
85.043,52.959,32.103,30.462,30.828,29.8,23.773,32.64,24.927,17.936
85.543,53.288,32.106,30.462,30.83,29.805,24.004,32.756,25.101,18.466
85.033,53.175,32.077,30.462,30.809,29.754,23.9,32.707,25.027,18.225
84.452,53.025,32.003,30.462,30.754,29.627,23.744,32.626,24.903,17.876
84.245,53.044,32.02,30.462,30.767,29.655,23.772,32.643,24.933,17.966
83.967,53.03,32.06,30.462,30.797,29.724,23.794,32.663,24.966,18.067
83.685,53.016,32.096,30.462,30.824,29.788,23.809,32.679,24.99,18.141
83.675,53.124,32.111,30.462,30.834,29.813,23.895,32.724,25.06,18.355
83.244,53.044,32.096,30.462,30.823,29.787,23.829,32.689,25.008,18.183
82.948,53.025,32.024,30.462,30.77,29.663,23.759,32.636,24.926,17.936
82.717,53.035,31.977,30.462,30.733,29.582,23.726,32.591,24.854,17.744
82.5,53.053,31.971,30.462,30.728,29.571,23.725,32.579,24.835,17.687
82.052,52.966,31.948,30.462,30.71,29.534,23.633,32.542,24.776,17.526
81.38,52.768,31.875,30.462,30.647,29.41,23.414,32.415,24.574,17.046
81.13,52.772,31.775,30.462,30.555,29.242,23.29,32.308,24.399,16.685
80.358,52.515,31.614,30.462,30.395,28.98,22.962,32.084,24.029,16.036
83.749,53.696,31.561,30.462,30.339,28.895,23.678,32.576,24.826,17.745
83.996,53.505,31.399,30.462,30.162,28.64,23.389,32.409,24.558,17.117
84.354,53.352,31.417,30.462,30.181,28.667,23.285,32.355,24.469,16.933
84.898,53.274,31.391,30.462,30.152,28.626,23.201,32.308,24.389,16.771
85.295,53.134,31.14,30.462,29.86,28.244,22.899,32.102,24.045,16.161
85.228,52.772,30.919,30.462,29.59,27.92,22.501,31.76,23.463,15.355
85.029,52.306,31.106,30.462,29.818,28.193,22.382,31.642,23.258,15.126
85.698,52.294,31.181,30.462,29.908,28.305,22.465,31.746,23.434,15.339
86.899,52.57,31.337,30.462,30.091,28.543,22.767,31.994,23.857,15.901
88.767,53.141,31.438,30.462,30.205,28.7,23.234,32.334,24.422,16.853
89.994,53.381,31.532,30.462,30.308,28.848,23.492,32.501,24.694,17.436
91.445,53.69,31.57,30.462,30.349,28.909,23.768,32.656,24.939,18.066
91.802,53.583,31.573,30.462,30.352,28.913,23.68,32.616,24.877,17.893
92.742,53.697,31.516,30.462,30.291,28.824,23.708,32.632,24.905,17.965
93.155,53.619,31.366,30.462,30.124,28.588,23.513,32.528,24.743,17.541
93.426,53.487,31.127,30.462,29.844,28.225,23.21,32.344,24.451,16.898
93.362,53.21,30.999,30.462,29.689,28.036,22.912,32.136,24.116,16.295
92.129,52.516,31.009,30.462,29.701,28.05,22.469,31.808,23.565,15.501
92.176,52.432,30.737,30.462,29.367,27.662,22.241,31.628,23.259,15.135
92.833,52.666,30.791,30.462,29.433,27.738,22.426,31.789,23.533,15.463
92.771,52.53,30.77,30.462,29.408,27.709,22.313,31.702,23.383,15.281
93.41,52.751,30.64,30.462,29.247,27.529,22.326,31.719,23.409,15.31
93.17,52.527,30.477,30.462,29.048,27.31,22.032,31.463,22.97,14.825
92.765,52.2,30.19,30.462,28.703,26.94,21.621,31.053,22.257,14.19
92.229,51.77,30.1,30.462,28.598,26.829,21.334,30.727,21.683,13.784
92.084,51.555,30.143,30.462,28.648,26.882,21.248,30.639,21.533,13.69
91.658,51.143,30.125,30.462,28.627,26.86,21.068,30.432,21.171,13.479
91.929,51.194,30.278,30.462,28.807,27.051,21.241,30.648,21.555,13.71
92.753,51.607,30.584,30.462,29.179,27.453,21.689,31.147,22.434,14.35
93.733,52.08,30.877,30.462,29.539,27.859,22.174,31.612,23.24,15.133
94.622,52.464,31.093,30.462,29.802,28.173,22.561,31.935,23.79,15.824
93.784,51.986,31.24,30.462,29.978,28.394,22.391,31.852,23.65,15.608
93.607,51.881,31.426,30.462,30.191,28.68,22.424,31.879,23.694,15.665
93.511,51.823,31.399,30.462,30.162,28.639,22.331,31.804,23.57,15.498
92.813,51.382,31.266,30.462,30.009,28.434,22.004,31.524,23.091,14.944
92.749,51.34,31.169,30.462,29.893,28.286,21.923,31.45,22.964,14.812
92.351,51.071,31.164,30.462,29.888,28.28,21.821,31.353,22.799,14.652
92.962,51.479,31.291,30.462,30.037,28.472,22.155,31.657,23.321,15.205
92.755,51.344,31.445,30.462,30.213,28.71,22.225,31.717,23.423,15.328
93.923,52.066,31.552,30.462,30.329,28.88,22.686,32.076,24.028,16.161
93.768,51.976,31.596,30.462,30.376,28.951,22.657,32.055,23.994,16.108
94.257,52.255,31.548,30.462,30.325,28.874,22.758,32.127,24.113,16.296
93.848,52.023,31.459,30.462,30.229,28.733,22.558,31.981,23.872,15.923
93.865,52.033,31.405,30.462,30.168,28.648,22.549,31.975,23.862,15.911
92.889,51.432,31.418,30.462,30.183,28.669,22.279,31.762,23.504,15.435
93.743,51.962,31.534,30.462,30.31,28.851,22.659,32.056,23.999,16.125
93.639,51.9,31.638,30.462,30.42,29.019,22.713,32.095,24.063,16.227
94.372,52.318,31.7,30.462,30.482,29.12,22.994,32.286,24.376,16.772
94.158,52.199,31.693,30.462,30.475,29.108,22.919,32.237,24.295,16.623
94.456,52.363,31.63,30.462,30.411,29.006,22.962,32.265,24.341,16.708
93.624,51.891,31.721,30.462,30.503,29.154,22.768,32.133,24.125,16.329
94.296,52.276,31.794,30.462,30.573,29.274,23.042,32.317,24.424,16.869
93.746,51.963,31.803,30.462,30.581,29.289,22.873,32.206,24.245,16.535
94.34,52.3,31.808,30.462,30.586,29.297,23.07,32.334,24.454,16.928
94.024,52.124,31.851,30.462,30.626,29.37,22.998,32.288,24.38,16.784
94.053,52.141,31.892,30.462,30.662,29.439,23.033,32.311,24.417,16.856
94.229,52.239,31.869,30.462,30.642,29.4,23.073,32.336,24.458,16.935
94.294,52.275,31.916,30.462,30.682,29.479,23.129,32.371,24.514,17.05
94.36,52.312,31.949,30.462,30.71,29.535,23.179,32.401,24.564,17.156
94.026,52.125,32.001,30.462,30.752,29.624,23.107,32.357,24.493,17.008
94.233,52.242,32.039,30.462,30.781,29.688,23.206,32.418,24.59,17.213
94.311,52.266,32.053,30.462,30.792,29.712,23.249,32.473,24.678,17.343
95.623,52.933,32.002,30.462,30.753,29.625,23.642,32.682,25.003,18.209
95.822,53.025,32.014,30.462,30.762,29.645,23.725,32.723,25.063,18.404
95.95,53.083,32.036,30.462,30.779,29.684,23.788,32.752,25.106,18.551
96.26,53.219,32.058,30.462,30.796,29.721,23.896,32.8,25.178,18.803
96.477,53.311,32.066,30.462,30.802,29.736,23.967,32.831,25.221,18.968
96.286,53.231,32.08,30.462,30.812,29.76,23.918,32.81,25.191,18.855
96.113,53.156,32.324,30.462,30.959,30.189,24.04,32.861,25.264,19.147
96.19,53.189,32.359,30.462,30.975,30.253,24.086,32.88,25.29,19.258
96.307,53.24,32.359,30.462,30.975,30.252,24.114,32.891,25.306,19.321
96.358,53.261,32.364,30.462,30.977,30.262,24.142,32.902,25.321,19.398
96.377,53.269,32.397,30.462,30.99,30.321,24.18,32.916,25.341,19.495
96.087,53.144,32.399,30.462,30.991,30.325,24.101,32.885,25.299,19.305
96.581,53.355,32.398,30.462,30.991,30.323,24.259,32.945,25.381,19.694
96.767,53.43,32.42,30.462,30.999,30.363,24.334,32.972,25.416,19.882
96.859,53.467,32.437,30.462,31.005,30.395,24.375,32.986,25.435,19.983
96.957,53.506,32.44,30.462,31.006,30.4,24.404,32.996,25.448,20.058
96.835,53.457,32.446,30.462,31.008,30.41,24.37,32.984,25.434,19.973
97.036,53.536,32.463,30.462,31.014,30.441,24.447,33.01,25.466,20.167
96.846,53.462,32.46,30.462,31.013,30.436,24.39,32.991,25.442,20.015
97.003,53.524,32.448,30.462,31.009,30.413,24.431,33.005,25.459,20.117
97.011,53.527,32.471,30.462,31.016,30.456,24.456,33.013,25.47,20.19
96.866,53.47,32.486,30.462,31.021,30.484,24.428,33.004,25.458,20.125
97.188,53.595,32.471,30.462,31.016,30.456,24.519,33.033,25.495,20.361
96.822,53.452,32.479,30.462,31.018,30.47,24.415,32.999,25.453,20.1
96.88,53.475,32.484,30.462,31.02,30.48,24.438,33.007,25.462,20.16
96.938,53.498,32.486,30.462,31.021,30.484,24.458,33.013,25.47,20.209
97.114,53.566,32.494,30.462,31.023,30.498,24.52,33.033,25.495,20.373
97.221,53.607,32.486,30.462,31.02,30.483,24.55,33.042,25.507,20.455
97.439,53.688,32.505,30.462,31.026,30.52,24.632,33.066,25.535,20.669
97.282,53.63,32.5,30.462,31.024,30.509,24.581,33.052,25.517,20.532
97.341,53.638,32.5,30.462,31.024,30.509,24.592,33.048,25.514,20.526
97.695,53.767,32.506,30.462,31.026,30.52,24.708,33.082,25.553,20.837
97.547,53.715,32.42,30.462,30.999,30.364,24.607,33.052,25.519,20.571
97.556,53.719,32.424,30.462,31.001,30.37,24.615,33.055,25.523,20.598
97.639,53.748,32.419,30.462,30.999,30.362,24.639,33.062,25.531,20.663
97.641,53.75,32.441,30.462,31.007,30.402,24.657,33.067,25.537,20.712
97.72,53.778,32.434,30.462,31.004,30.389,24.676,33.073,25.543,20.762
97.751,53.789,32.436,30.462,31.005,30.393,24.688,33.076,25.547,20.794
97.662,53.758,32.437,30.462,31.005,30.394,24.664,33.069,25.539,20.731
97.463,53.687,32.439,30.462,31.006,30.398,24.607,33.053,25.52,20.578
97.721,53.78,32.437,30.462,31.005,30.395,24.682,33.074,25.544,20.772
97.618,53.743,32.433,30.462,31.004,30.386,24.649,33.065,25.533,20.682
97.641,53.752,32.45,30.462,31.009,30.417,24.668,33.07,25.539,20.731
97.761,53.795,32.43,30.462,31.003,30.382,24.687,33.076,25.546,20.78
97.619,53.744,32.414,30.462,30.997,30.353,24.632,33.06,25.527,20.632
97.387,53.682,32.41,30.462,30.996,30.346,24.58,33.045,25.508,20.49
97.367,53.698,32.413,30.462,30.997,30.351,24.594,33.049,25.514,20.533
97.234,53.671,32.415,30.462,30.997,30.354,24.575,33.043,25.507,20.484
97.295,53.716,32.409,30.462,30.995,30.344,24.608,33.053,25.519,20.566
97.008,53.633,32.429,30.462,31.002,30.379,24.553,33.036,25.499,20.416
97.149,53.709,32.418,30.462,30.998,30.359,24.603,33.051,25.517,20.543
96.905,53.642,32.421,30.462,31,30.365,24.548,33.035,25.496,20.396
96.85,53.647,32.421,30.462,31,30.366,24.553,33.036,25.499,20.419
96.726,53.623,32.419,30.462,30.999,30.361,24.534,33.03,25.491,20.372
96.732,53.649,32.413,30.462,30.997,30.35,24.551,33.036,25.498,20.414
96.678,53.652,32.419,30.462,30.999,30.361,24.557,33.037,25.5,20.429
96.657,53.667,32.428,30.462,31.002,30.377,24.576,33.043,25.507,20.478
96.751,53.723,32.43,30.462,31.003,30.381,24.623,33.057,25.524,20.604
96.623,53.699,32.425,30.462,31.001,30.373,24.599,33.05,25.515,20.542
96.423,53.651,32.427,30.462,31.002,30.376,24.561,33.039,25.502,20.442
95.453,53.39,32.424,30.462,31.001,30.37,24.356,32.972,25.417,19.915
