52627,849.4,6884.1,5122.6,4816,4728.9,4627.7,16665,25942,21466,18572,28683,2038.6
46139,857.36,6878.3,7407.1,7001.9,6856.2,6658.2,16609,25851,21384,18524,28666,2031.9
45573,807.63,6869.3,8135.8,7704.2,7535.4,7301.7,16813,26185,21635,18550,28722,2031.1
45500,754.91,6865.2,7863.9,7441.9,7282,7061.8,16493,25662,21265,18154,28565,2030.4
39989,744.97,6849.4,7658.2,7243.6,7090.2,6880.1,15086,23369,19659,17090,28379,2029.9
42532,715.13,6840.4,7392.5,6987.9,6842.6,6645.3,15266,23660,19927,17170,28393,2028.9
41203,698.22,6831.5,7261.1,6861.4,6720.1,6529,14764,22846,19403,16703,28336,2027.7
38752,666.39,6818.5,7220.8,6822.8,6682.6,6493.4,14136,21829,18808,16296,27849,2026.7
38657,679.32,6802.8,7055.9,6664.3,6528.9,6347.3,14015,21633,18803,16271,28132,2025.8
39469,659.43,6789.6,7074.2,6681.9,6545.9,6363.5,14137,21831,19021,16480,28161,2024.9
38346,632.58,6783.2,7403.6,6998.6,6852.9,6655.1,14216,21959,19051,16510,28379,2023.9
42444,726.07,6776.7,7842.5,7421.2,7262,7042.9,15507,24053,20541,17859,28351,2022.9
45343,564.94,6784.3,8637.9,8189.6,8003.6,7744,16786,26141,22071,21562,28397,2022
55366,531.13,6805.1,9982.4,9495.4,9256.9,8924,20110,31623,25953,22249,28486,2021.1
68848,548.03,6815.8,10264,9770.4,9519.7,9170.7,20479,36830,29635,21822,28751,2020.4
69942,525.16,6691.7,11407,10889,10584,10168,20394,38582,30816,21556,28834,2019.7
74846,492.34,6699.1,14524,13973,13478,12752,20164,43299,34111,21045,28787,2019.2
77319,481.39,6721.1,13125,12583,12181,11658,20197,42635,33599,21226,28888,2018.6
78727,477.42,6743.7,11687,11164,10845,10411,20253,41495,32741,21462,28797,2017.9
75724,464.49,6762.6,10513,10014,9751.7,9388.4,20365,39174,31065,21861,28844,2017.4
68713,442.6,6748,10019,9530.9,9290.8,8955.9,20513,36134,28905,22346,28837,2016.7
63860,421.72,6768.7,9650.1,9171.9,8947.2,8633,20618,33961,27385,22314,28872,2016
65353,410.78,6767.2,8797.5,8344.2,8152.4,7884.5,20645,33401,26987,22038,28883,2016.2
61088,403.81,6760,8639.6,8191.3,8005.2,7745.5,20015,31466,25610,21212,28862,2016.1
62154,391.88,6763,8743.8,8292.2,8102.3,7837.2,20240,31839,25846,21320,29087,2015.5
65085,370,6757.3,8697,8246.9,8058.7,7796.1,20681,32658,26380,21481,28347,2014.8
58463,362.04,6752,8547.2,8101.9,7919.1,7664.2,19166,30059,24525,20292,28093,2014.2
58006,371.99,6745.8,8285,7848.4,7674.6,7433.3,18871,29571,24184,20068,28086,2013.5
58152,360.05,6735.6,8184.3,7751,7580.7,7344.5,18834,29509,24078,19959,28336,2012.8
58522,358.06,6726.9,8125.6,7694.4,7526,7292.7,18861,29554,24056,19935,28390,2012.1
58787,499.3,6719.8,8241.7,7806.5,7634.2,7395.1,18989,29765,24108,19940,28486,2011.3
60490,471.45,6714.2,8254.9,7819.3,7646.5,7406.7,19407,30613,24672,20038,21870,2010.9
55578,454.54,6705.1,7767,7348.5,7191.7,6976.3,18037,28352,23036,18984,21877,2010.2
53477,454.54,6695.6,7753.6,7335.6,7179.2,6964.5,17556,27560,22458,18605,21597,2009.6
55329,428.68,6686,6891.8,6506.8,6376,6201.9,17376,27266,22241,18461,21365,2009.1
56416,421.72,6672.7,7010.4,6620.6,6486.4,6307,17668,27746,22609,18661,21168,2008.6
55080,404.81,6662.1,7030.4,6639.8,6505.1,6324.7,17368,27252,22235,18410,20646,2008
54531,367.01,6648.4,6928.6,6542.1,6410.3,6234.5,17128,26859,21940,18183,20557,2007.1
51289,357.07,6636.6,6765.9,6385.9,6258.6,6090.3,16350,25585,20995,17547,20649,2006.4
51371,380.94,6624.2,6596.9,6224,6101.2,5940.4,16244,25412,20945,17510,21254,2005.6
53421,383.92,6616.4,6634.5,6260,6136.2,5973.7,16712,26177,21527,17907,26054,2004.7
55687,383.92,6605.9,6806.2,6424.6,6296.2,6126,17279,27105,22206,18340,26065,2003.9
53787,387.9,6600.4,6906,6520.3,6389.1,6214.4,16926,26528,21761,18031,25932,2003.1
57335,383.92,6584.7,6955.2,6567.6,6435,6258.1,17675,27757,22578,18552,25672,2002.4
55913,373.98,6574.2,6930.1,6543.5,6411.6,6235.8,17346,27216,22119,18243,25525,2001.6
56338,375.97,6560,6969.2,6581.1,6448.1,6270.5,17434,27361,22186,18279,26030,2000.9
57863,373.98,6553.4,6973,6584.7,6451.6,6273.9,17718,27827,22512,18502,26555,2000.2
56260,364.03,6539.3,6963.4,6575.5,6442.6,6265.4,17380,27272,22098,18294,26866,1999.5
56815,367.01,6525.4,6937.8,6550.8,6418.8,6242.6,17482,27440,22221,18352,26820,1998.7
56744,362.04,6513,6881.4,6496.8,6366.2,6192.7,17495,27460,22236,18337,26595,1998
56999,369,6501.2,6793.4,6412.3,6284.2,6114.6,17446,27380,22191,18292,26630,1997.3
55139,371.99,6490.3,6768.5,6388.5,6261.1,6092.6,17008,26662,21648,17924,26605,1996.5
57533,373.98,6476.3,6797.5,6416.3,6288.1,6118.3,17503,27474,22215,18294,26641,1995.9
57257,390.88,6467.4,6902.5,6517,6385.9,6211.4,17504,27475,22207,18284,26619,1995.2
57064,411.77,6455.7,6830.2,6447.6,6318.5,6147.3,17457,27397,22145,18246,26734,1994.4
57146,425.7,6448,6815.8,6433.8,6305.1,6134.5,17511,27487,22207,18399,26834,1993.7
59147,435.64,6436.3,6998.2,6608.9,6475.1,6296.2,18216,28646,23078,19063,26902,1993
59485,466.48,6429.2,7156.5,6761,6622.6,6436.4,18501,29116,23491,19384,23042,1992.4
59410,506.26,6422,7369.5,6965.7,6821.1,6624.9,18569,29229,23655,19470,23017,1991.9
65563,551.02,6417.1,8234.9,7799.9,7627.9,7389.1,20683,32940,26405,20995,25779,1991.2
54087,581.85,6414.2,9027.6,8567.2,8366.9,8086.7,18840,29916,24273,19673,25726,1990.6
53641,394.86,6410.9,8733.7,8282.4,8092.9,7828.3,18424,29268,23804,19328,25665,1989.9
52630,399.84,6407.2,8363.4,7924.2,7747.7,7502.4,17936,28493,23236,18947,25802,1989.2
48327,408.79,6404.2,8097.4,7667.1,7499.7,7267.8,16852,26684,21894,18063,25858,1988.6
48498,408.79,6400.7,7995.9,7569.2,7405.1,7178.3,16827,26622,21777,17970,25851,1988.1
48215,415.75,6397.1,7890.5,7467.5,7306.8,7085.3,16699,26402,21604,17839,25669,1987.5
45633,427.69,6394.2,7875.5,7453.1,7292.8,7072.1,16155,25504,20916,17371,25926,1987
44729,435.64,6387.3,7924.9,7500.7,7338.9,7115.7,15986,25220,20705,17235,25901,1986.3
48312,466.48,6384.7,8060.8,7631.9,7465.6,7235.6,16846,26625,21749,18121,25719,1985.7
54458,490.35,6382.9,8185.2,7752,7581.6,7345.3,18267,28962,23485,19182,25894,1985.1
50474,493.33,6381,7986.5,7560.1,7396.3,7170,17333,27430,22356,18389,25959,1984.5
51459,491.34,6379.3,7872.2,7449.9,7289.7,7069.1,17470,27668,22529,18482,25949,1984
47677,499.3,6377.6,7783.5,7364.3,7207,6990.8,16578,26191,21435,17724,25789,1983.4
46116,488.36,6370.8,7679.7,7264.3,7110.3,6899.1,16154,25485,20908,17356,25719,1982.8
45457,494.32,6363.3,7588.3,7176.3,7025.1,6818.4,15955,25152,20658,17187,25673,1982.2
48649,496.31,6354.9,7641.4,7227.5,7074.6,6865.3,16664,26300,21500,17738,25540,1981.6
50074,494.32,6352.4,7700,7283.9,7129.2,6917.1,16995,26843,21896,17977,25494,1981
47131,499.3,6346.7,7682.6,7267.1,7113,6901.7,16374,25834,21145,17481,25641,1980.4
46597,513.22,6335.9,7595.2,7182.9,7031.5,6824.4,16201,25575,20954,17339,25708,1979.5
48272,534.11,6331.5,7745.9,7328.1,7172,6957.6,16632,26261,21454,17651,25701,1978.8
46142,540.08,6329.5,8094.7,7664.6,7497.2,7265.5,16368,25832,21135,17423,25733,1978.2
47206,554,6324.5,8272.7,7836.4,7663.1,7422.4,16716,26398,21544,17681,25628,1977.6
44491,568.92,6322.8,8272.6,7836.3,7663,7422.3,16187,25534,20896,17245,25592,1977
34745,589.81,6318.1,8262.1,7826.3,7653.3,7413.1,14094,22126,18362,15535,25613,1976.4
38108,617.66,6319.3,8357.9,7918.8,7742.6,7497.5,14912,23448,19420,16253,25650,1975.9
38926,575.88,6320.5,8453.3,8011.1,7831.5,7581.5,15153,23844,19772,16480,25654,1975.4
39127,526.15,6313.4,8303,7865.8,7691.4,7449.2,15104,23776,19698,16420,25656,1974.9
38179,540.08,6312.6,8091.4,7661.4,7494.1,7262.6,14747,23196,19275,16121,25633,1974.3
38455,555,6307.9,7858.9,7437.1,7277.4,7057.4,14740,23176,19262,16116,25738,1973.8
35816,562.95,6302.7,7888.1,7465.2,7304.5,7083.1,14239,22356,18669,15717,25606,1973.2
29830,573.89,6295.6,7837.4,7416.3,7257.3,7038.4,13020,20417,17161,14646,18079,1972.7
42168,570.91,6290.4,7367.6,6963.9,6819.3,6623.2,15374,24232,19999,16577,18060,1972.2
42084,544.06,6284.6,7206.8,6809.3,6669.5,6480.9,15261,24054,19832,16461,18152,1971.6
41572,587.82,6278.2,7189.1,6792.3,6653,6465.3,15160,23878,19658,16350,18165,1971.1
45406,682.31,6277.6,7301,6899.8,6757.3,6564.3,16144,25469,20840,17167,18495,1970.7
45835,743.97,6274.1,7547.3,7136.8,6986.8,6782.1,16465,25993,21216,17433,18543,1970.2
46261,764.86,6271.8,7697.7,7281.7,7127.1,6915,16741,26460,21554,17636,18442,1969.7
45161,794.7,6264.2,7560.1,7149.1,6998.7,6793.4,16465,26034,21239,17415,18399,1969.1
44547,813.6,6256.7,7473.4,7065.7,6918,6716.8,16309,25776,21031,17276,18433,1968.8
45108,887.2,6257.9,7513.5,7104.2,6955.3,6752.2,16525,26121,21279,17459,18635,1968.3
43810,1039.5,6261.6,7776.5,7357.7,7200.6,6984.7,16512,26100,21238,17458,19359,1967.6
48751,1039.5,6264.7,8180,7746.9,7576.7,7340.7,18046,28625,23044,18678,19419,1967.2
51081,1039.5,6275.4,9006.7,8546.9,8347.4,8068.3,19262,30659,24533,19651,20417,1967.3
52125,1039.5,6288.1,9617.3,9140,8916.7,8604.3,20028,31976,25489,20264,19860,1967.5
52505,1039.5,6295.8,9640.4,9162.4,8938.1,8624.5,20257,32409,25799,20443,19613,1967.8
48890,1039.5,6303.8,9348.2,8878.4,8665.8,8368.2,19339,30887,24704,19838,14694,1968.2
53436,1039.5,6319,9792.6,9310.5,9080,8757.8,20640,33009,26250,20849,14554,1968.3
51484,1039.5,6324,9667.2,9188.5,8963.2,8648,20051,32004,25522,20344,14492,1968.1
48203,1039.5,6326.9,9246.3,8779.5,8570.8,8278.8,18984,30240,24232,19501,14368,1968.1
45223,1039.5,6332.6,8861.9,8406.6,8212.5,7941.1,18040,28668,23077,18721,14316,1968
41380,1039.5,6338.1,8627.5,8179.6,7993.9,7734.9,16993,26937,21795,17864,14713,1967.9
43707,1039.5,6338.2,8473.3,8030.4,7850.2,7599.2,17484,27733,22376,18282,15305,1967.9
45167,1039.5,6344.2,8506.8,8062.8,7881.4,7628.6,17923,28437,22899,18632,15687,1967.8
46484,1039.5,6351.3,8600.7,8153.7,7968.9,7711.3,18340,29124,23399,18930,15831,1968.1
44750,1039.5,1804.3,8649.7,8201.1,8014.6,7754.4,18078,28701,23082,18725,15666,1968.3
47717,1039.5,1231.5,7894.9,7471.7,7310.9,7089.2,18429,29273,23516,19011,15846,1968.7
49195,1039.5,1237.8,8207.8,7773.8,7602.6,7365.2,19128,30430,24351,19568,16158,1969.2
51152,1039.5,1243.5,9130.7,8667.2,8463,8177.2,20233,32279,25703,20395,16093,1969.8
51783,1039.5,1248.8,9415.1,8943.4,8728.2,8426.9,20647,33007,26231,20705,15782,1970.4
54393,1039.5,1253.7,9018.9,8558.8,8358.8,8079.1,20652,33764,26794,21033,15738,1971
14288,1039.5,1259.3,9359.8,8889.6,8676.6,8378.4,11660,18242,15231,13200,12192,1971.4
14364,1039.5,1264.3,10492,9992.8,9731.8,9369.7,12443,19479,16156,13858,12911,1971.8
14451,1039.5,1269.3,10728,10223,9951.5,9575.7,12682,19852,16433,14058,14241,1972.4
14534,1039.5,1276.3,11815,11290,10964,10523,13593,21310,17529,14839,15122,1973.3
14629,1039.5,1282.2,12499,11963,11599,11116,14220,22331,18296,15363,16167,1974
14729,1039.5,1288.7,12967,12426,12035,11522,14811,23331,19037,15874,17145,1975.2
14838,1039.5,1294,13256,12712,12303,11772,15104,23837,19445,16158,16442,1976.9
14951,1039.5,1301.9,14042,13492,13032,12450,15639,24696,20098,16610,15421,1978.9
15071,1039.5,1309.5,14303,13752,13273,12674,15725,24820,20179,16662,15425,1980.8
15183,1039.5,1314.8,13467,12922,12499,11954,15010,23669,19306,16076,15245,1982.3
15285,1039.5,1320.6,13061,12519,12122,11603,14574,22953,18767,15674,14851,1983.8
15383,1039.5,1325.3,12426,11891,11532,11053,14042,22078,18112,15210,15232,1985.1
15474,1039.5,1331.2,12869,12329,11943,11436,14366,22584,18491,15481,16426,1986.5
15569,1039.5,1337.1,14552,14000,13504,12750,16010,25248,20478,16879,19643,1988.3
15671,1039.5,1345.6,17256,16718,16002,12597,19015,30186,24135,19327,26151,1991.4
15813,1039.5,1355.6,17384,16985,16093,12418,20522,36342,28614,22166,32337,1996.1
19278,1039.5,1367.3,17252,16985,15938,12265,20229,42406,32872,21886,36263,2004.4
82509,1039.5,1378.4,17171,16985,15842,12174,19098,43634,36201,18967,40871,2016.3
88818,1039.5,1389.1,17141,16985,15806,12141,18981,43445,35819,18713,36928,2028.3
1.1323e+05,1039.5,1398.6,17147,16985,15813,12147,18668,42895,34693,18076,33583,2038.5
1.068e+05,1039.5,1406.3,17255,16985,15942,12269,18955,43403,35734,18677,28147,2047.8
1.0546e+05,1039.5,1414.4,17370,16985,16076,12401,19153,43723,36380,19121,24603,2055.3
65649,1039.5,1421.2,17417,16985,16130,12457,19869,44700,37883,20914,23751,2061.4
85353,1039.5,1428,17404,16985,16115,12441,19494,44222,37381,19915,25277,2067.5
66025,1039.5,1435,17298,16985,15993,12318,19647,44426,37784,20298,32280,2074.7
99658,1039.5,1441.6,17352,16985,16055,12380,19202,43802,36535,19226,30004,2082.8
69136,1039.5,1446.7,17476,16985,16196,12528,19871,44699,37893,20908,25300,2090.1
84871,1039.5,1451.7,16887,16344,15661,12617,19739,44541,38016,20567,23135,2096.3
50420,1039.5,1456.2,16272,15724,15094,12652,20333,40206,31347,22252,22481,2101.6
67120,1039.5,1460.3,16226,15678,15052,12655,20055,44915,35277,21451,23443,2106.4
57168,1039.5,7192.6,17185,16646,15936,12601,20132,44284,34186,21670,29382,2112.1
98958,1039.5,7556.4,17427,16985,16141,12469,19346,44020,36984,19661,34968,4731.2
96941,1039.5,7556.2,17442,16985,16158,12487,19424,44130,37206,19853,31870,4742.4
1.0322e+05,1039.5,7556.2,17491,16985,16212,12546,19408,44108,37163,19816,29845,4753
90501,1039.5,7583.3,16884,16341,15658,12618,19691,44487,37916,20540,30220,4761.8
94443,1039.5,7576.3,15729,15178,14593,12683,19681,44475,37894,20516,31739,4769.8
87309,1039.5,7585.1,15982,15433,14827,12668,19753,44565,38073,20707,37179,4778.5
94896,1039.5,7559.5,16725,16181,15512,12626,19559,44316,37581,20195,44524,4788
1.0709e+05,1039.5,7564.4,17500,16985,16223,12557,19295,43946,36844,19541,43944,4809.4
1.0869e+05,1039.5,7574.6,17478,16985,16198,12530,19254,43887,36727,19449,39675,4827.3
1.1006e+05,1039.5,7564.4,17514,16985,16238,12574,19308,43967,36887,19583,34524,4840.8
1.0833e+05,1039.5,7583.3,16719,16175,15507,12627,19410,44113,37174,19828,31081,4851.3
93495,1039.5,7586.9,15470,14919,14354,12698,19725,44532,38006,20638,30229,4859
88852,1039.5,7601.7,15045,14493,13961,12722,19823,44651,38240,20897,31341,4866.2
87172,1039.5,7564.4,15547,14996,14425,12693,19829,44659,38255,20916,33325,4873.3
93137,1039.5,7561.2,17424,16985,16137,12465,19543,44296,37541,20166,33225,4881.7
85543,1039.5,7574.7,17505,16985,16228,12563,19769,44586,38117,20760,32055,4888.9
90978,1039.5,7569.4,16372,15825,15186,12646,19768,44586,38116,20753,31352,4894.3
86342,1039.5,7583.5,15939,15389,14787,12671,19876,44715,37651,21044,25913,4898.3
81030,1039.5,7578.3,15168,14616,14074,12715,20003,44862,35888,21405,25912,4902.2
74073,1039.5,7428,14493,13942,13450,12753,20149,43861,33808,21833,26205,4906.2
70998,1039.5,7594.4,13738,13190,12750,12188,20216,42495,32859,22030,32091,4910.2
72988,1039.5,7588,13850,13301,12853,12284,20141,44016,33932,21807,38317,4915.9
87217,1039.5,7588,13732,13185,12744,12183,19876,44716,37625,21052,44524,4924.4
95401,1039.5,6536.3,13461,12915,12493,11948,19770,44588,38121,20764,44524,4933.8
1.0082e+05,1039.5,7414,12815,12276,11893,11390,19717,44523,37992,20615,44524,4943.3
93774,1039.5,7518.4,12627,12090,11718,11227,19853,44688,37954,20967,43636,4951.8
94480,1039.5,5724.7,12418,11884,11524,11046,19859,44696,37868,20991,44524,4959.3
89697,1039.5,5158.1,11756,11232,10909,10471,19981,44838,36180,21340,44524,4964.6
89611,1039.5,6334,11502,10982,10672,10250,20017,44878,35696,21442,44524,4968.1
87377,1039.5,5373.3,11406,10887,10582,10166,20083,44951,34764,21635,42280,4973.3
82976,1039.5,7597.6,10368,9871.1,9615.8,9260.9,20196,42814,33134,22013,37885,10499
64810,1039.5,7591.6,11389,10871,10567,10152,20460,37389,29302,22017,35066,10475
63381,1039.5,7585.1,11089,10577,10288,9890.4,20507,36415,28592,21580,34035,10448
63435,1039.5,7578.9,10789,10283,10009,9629.1,20525,36062,28339,21424,36139,10419
66279,1039.5,7569.3,9452.4,8979.6,8762.9,8459.6,20547,35598,28001,21215,40010,10393
64972,1039.5,7560.5,7420.3,7014.5,6868.4,6669.8,20679,32862,26027,19976,39067,10369
62484,1039.5,7555.3,7207,6809.4,6669.6,6481.1,19983,31584,25084,19375,35772,10341
58202,1039.5,7545.8,7049.5,6658.1,6522.9,6341.6,18889,29771,23763,18520,32688,10307
56153,1039.5,7535.7,6847.6,6464.3,6334.7,6162.7,18263,28739,22996,18017,31461,10264
55877,1039.5,7529.8,6749,6369.7,6242.9,6075.3,18096,28463,22790,17882,40452,10221
57150,1039.5,7518.2,6678.3,6301.9,6177,6012.5,18293,28788,23015,18030,42363,10178
57661,1039.5,7509.5,6414,6048.7,5930.8,5777.9,18147,28547,22837,17912,40115,10135
55816,1039.5,7499.2,6110.5,5758.4,5648.2,5508.2,17554,27572,22121,17438,38858,10086
55533,1039.5,7486.9,6012.6,5664.8,5557,5421.1,17435,27378,21977,17342,40166,10040
51533,1039.5,7476.4,6253.8,5895.3,5781.6,5635.6,16798,26333,21194,16817,42238,9987.2
53087,1039.5,7465.6,5942.4,5597.7,5491.7,5358.7,16917,26528,21342,16916,44152,9927.8
58004,1039.5,7449.6,5641.4,5310.3,5211.5,5090.6,17714,27836,22302,17558,42720,9876.7
53270,1039.5,7440.5,5724.8,5389.9,5289.1,5164.9,16718,26202,21108,16759,40431,9819.6
51644,1039.5,7427.6,5694.8,5361.3,5261.2,5138.2,16308,25531,20633,16438,40256,9759.5
48541,1039.5,7414.7,5680.1,5347.3,5247.5,5125.1,15633,24432,19831,15890,41419,9696.8
50007,1039.5,7401.7,5835.1,5495.2,5391.7,5263.1,15994,25020,20254,16179,42238,9637.2
51116,1039.5,7388.1,6155.9,5801.8,5690.5,5548.6,16359,25616,20695,16479,42423,9573.9
49771,1039.5,7375.9,6213,5856.4,5743.6,5599.4,16088,25173,20354,16247,41595,9513.3
47744,1039.5,7366.5,5951.2,5606,5499.8,5366.4,15480,24183,19621,15745,39906,9446.8
47408,1039.5,7353.3,5723.9,5389.1,5288.3,5164.1,15201,23728,19276,15507,37689,9378.6
46894,1039.5,7337.6,5614.9,5285,5186.8,5066.9,15006,23413,19034,15339,36850,9309.9
45641,1039.5,7323.9,5509.6,5184.7,5088.9,4973.1,14687,22895,18647,15069,37178,9240.4
47716,1039.5,7312.2,5417,5096.4,5002.7,4890.5,15069,23515,19112,15393,35971,9168.5
47891,1039.5,7298.9,5310.8,4995.2,4903.9,4795.8,15016,23429,19055,15354,35621,9099.4
48214,1039.5,7283.8,5208.9,4898.3,4809.2,4704.9,14974,23361,18992,15310,35833,9026.1
48630,1039.5,7270.2,5218.7,4907.5,4818.2,4713.5,15038,23465,19068,15362,35801,8953.4
49625,1039.5,7254.3,4826.6,4534.6,4453.8,4363.2,14805,23456,19002,14994,38944,9007.2
33980,1039.5,7240.2,4606.9,4326,4249.7,4166.7,11275,17783,14751,11922,39269,8982.4
31791,1039.5,7223.5,4560,4281.4,4206,4124.6,10762,16912,14106,11439,39422,8958.8
32650,1039.5,7208,4525.4,4248.6,4173.9,4093.6,10908,17121,14251,11548,38600,8935.2
31636,1039.5,7192.3,4543.2,4265.5,4190.5,4109.6,10682,16752,13983,11347,38820,8912.7
32659,1039.5,7178.7,4569,4290,4214.4,4132.7,10888,17079,14230,11533,40307,8888.3
30377,1039.5,7164.5,4545.3,4267.5,4192.4,4111.5,10357,16225,13585,11046,36614,8863.5
30836,1039.5,7147,4493.6,4218.4,4144.4,4065.2,10398,16279,13626,11077,35163,8841.3
30925,1039.5,7131.7,4432.3,4160.3,4087.5,4010.3,10363,16212,13567,11033,35014,8813.7
30213,1039.5,7114.1,4433.2,4161.1,4088.3,4011.1,10208,15956,13384,10894,36198,8787.7
31977,1039.5,7100.8,4492.9,4217.8,4143.7,4064.6,10607,16480,13776,11191,36686,8761.3
30211,1039.5,7085.4,4724.5,4437.6,4358.9,4271.9,10389,16119,13500,10982,35183,8735.8
27767,1039.5,7068.7,4807.5,4516.5,4436,4346.1,9967.8,15452,12990,10593,34670,8709.8
28283,1039.5,7052,4612.6,4331.4,4255,4171.8,9933.9,15414,12968,10576,34584,8683.1
31640,1039.5,7034.1,4478.8,4204.5,4130.7,4052,10490,16392,13711,11142,34649,8655.9
34428,949.86,7016.3,4403.9,4133.4,4061.1,3984.8,10970,17111,14257,11553,32936,8627.5
30406,849.4,7000.8,4368.7,4100,4028.4,3953.3,10060,15589,13104,10680,35181,8601.6
32743,711.15,6983,4320.8,4054.6,3983.9,3910.4,10515,16311,13642,11090,31277,8569.8
28811,647.5,6966.2,4266.5,4003.1,3933.5,3861.7,9659.6,14956,12622,10310,30145,8543
26954,619.65,6949.5,4214.8,3954.1,3885.5,3815.3,9216.7,14257,12091,9900.3,28307,8513.6
29275,607.71,6931.4,4185.2,3926.1,3858.1,3788.8,9686.3,14998,12650,10333,28387,8489.4
33360,595.78,6914.2,4151,3893.7,3826.3,3758.1,10515,16312,13646,11092,28696,8460.7
30111,578.87,6897.1,4131.9,3875.6,3808.6,3741,9783.8,15152,12773,10427,28754,8433
27741,568.92,6879.7,4178,3919.3,3851.4,3782.3,9298.7,14386,12193,9979.8,29409,8403.5
32518,539.08,6861.5,4326.8,4060.3,3989.5,3915.8,10397,16124,13509,10989,28744,8375
30009,532.12,6843.8,4174.7,3916.2,3848.4,3779.4,9778.7,15144,12766,10421,28395,8344.5
28304,513.22,6825.9,4038.5,3787.1,3721.9,3657.2,9346,14461,12245,10020,28592,8316.8
27391,503.28,6807.9,4167.2,3909,3841.3,3772.6,9237.5,14289,12117,9920.7,27920,8288.5
27169,531.13,6790.4,4162.7,3904.8,3837.2,3768.6,9181.4,14201,12053,9871.2,28026,8258.4
27643,529.14,6772.3,3981.8,3733.5,3669.4,3606.3,9162.7,14171,12029,9852.6,27988,8227.6
45261,520.18,6754.6,3999.3,3750.1,3685.6,3622,12940,20186,16566,13257,27870,8201.6
25726,646.5,6736.3,4210.6,3950.2,3881.7,3811.6,8909.1,13748,11755,10045,27167,8171.8
24244,621.64,1296.9,2773.7,2593.4,2550.4,2519,7647.7,11767,10250,8868.7,26916,1729.5
16249,623.62,1296.6,1643.4,1532.6,1507.6,1496.4,5178.1,7926.2,7332.3,6508.9,27726,1729.9
16295,660.43,1296.4,1608.6,1500,1475.6,1464.8,5152.7,7886.9,7292.8,6477.2,27894,1729.7
16391,752.92,1296.1,1548.3,1443.5,1420,1410,5147.6,7879.1,7288.4,6476.5,28519,1730.6
16247,842.44,1295.8,1518.5,1415.7,1392.6,1383,5111.4,7823.1,7245.8,6444.2,29815,1730.6
16246,855.37,1295.5,1772.1,1653.1,1626.1,1613.1,5300,8114.7,7474.2,6636.1,31347,1731.4
16249,722.09,1295.3,1456.1,1357.3,1335.2,1326.4,5087,7785.4,7228.3,6427.4,30317,1731.6
17352,752.92,1295,1586.4,1479.2,1455.1,1444.7,5432.6,8319.8,7638.4,6766.7,29590,1732
16791,799.67,1294.7,1472,1372.2,1349.8,1340.8,5259.2,8051.6,7427.8,6595.2,30061,1732.5
16246,869.29,1294.4,1587.4,1480.2,1456.1,1445.6,5239.2,8020.6,7412.2,6583.1,30647,1732.6
16247,809.62,1294.1,1632.7,1522.5,1497.7,1486.6,5255.8,8046.3,7428.6,6594.8,33233,1733
16247,691.26,1293.8,1588.5,1481.2,1457,1446.5,5178.8,7927.2,7320.3,6502.9,29816,1733.1
19834,616.66,1293.6,1443,1345.1,1323.2,1314.5,5808.5,8902.1,8065.6,7115.9,28166,1733
30976,556.99,1293.3,1670.9,1558.3,1532.9,1521.3,8343,12858,11078,9522.1,27561,1732.9
26231,523.17,1293,1488.9,1388,1365.3,1356.1,7196.6,11070,9725.3,8454.4,27300,1733.5
27087,497.31,1292.8,1522.9,1419.8,1396.7,1387,7403.4,11395,9976.4,8653.9,27105,1732.9
27674,494.32,1292.5,3469.4,3249.2,3194.4,3145.9,8808.1,13631,11670,9981.3,27323,1732.7
29068,488.36,1292.2,3506,3283.7,3228.2,3178.8,9145.7,14278,12167,10367,26759,1732.9
28917,545.05,1292,3543.5,3319.1,3263,3212.5,9200.4,14365,12234,10433,27112,1733.6
32399,615.67,1291.7,3822.2,3582.5,3521.3,3463,10200,15920,13407,11322,26851,1732.9
35066,554,1291.5,4370.1,4101.3,4029.7,3954.6,11216,17510,14615,12221,27471,1733.3
34242,588.81,1291.3,3894,3650.5,3587.9,3527.5,10804,16867,14169,11894,27865,1733.1
36206,530.13,1291,3467,3246.9,3192.1,3143.7,10971,17264,14479,12142,27392,1733.5
34006,493.33,1290.8,4006,3756.4,3691.8,3628.1,10848,17124,14375,12067,27485,1733.8
33941,459.51,1290.5,4387.7,4118,4046,3970.3,11034,17508,14663,12260,26796,1733.6
32472,467.47,1291,4344,4076.6,4005.5,3931.1,10645,17109,14355,12030,26099,1734.2
30493,476.42,1291.5,4101.7,3847,3780.5,3713.9,10038,16348,13782,11599,26728,1734.5
33879,468.46,1291.8,4209.6,3949.2,3880.7,3810.6,10796,17618,14738,12307,27634,1734.5
31364,435.64,1292,3789.2,3551.3,3490.7,3433.3,9965.4,16652,14005,11762,27183,1734.3
30068,409.78,1291.7,3908.5,3664.1,3601.3,3540.5,9639.3,15162,12936,11129,27030,1734.1
37025,368.01,1291.9,3655.2,3424.7,3366.5,3313,10949,17210,14480,12279,25962,1733.7
33723,351.1,1292.1,3615.7,3387.4,3329.9,3277.5,10219,16021,13563,11601,25983,1733.7
33570,339.16,1291.8,3583.8,3357.2,3300.3,3248.7,10163,15915,13480,11534,25734,1733.5
35770,331.21,1291.9,3546.5,3321.9,3265.8,3215.2,10614,16621,14018,11934,25590,1733.3
34718,323.25,1291.6,3530.2,3306.5,3250.6,3200.5,10399,16279,13767,11758,25580,1733.2
36119,323.25,1292.3,3530.2,3306.5,3250.6,3200.5,10706,16757,14126,12049,25617,1732.7
38581,307.34,1292.5,3566.8,3341.1,3284.6,3233.5,11245,17615,14769,12504,25573,1732.7
36580,300.37,1292.2,3616.9,3388.5,3331,3278.5,10842,16978,14283,12140,25438,1732.2
34295,293.41,1292.6,3621.4,3392.7,3335.2,3282.6,10354,16204,13700,11702,25571,1732
35104,286.45,1292.7,3575.9,3349.8,3293,3241.7,10503,16444,13889,11842,25515,1731.8
33161,286.45,1293.7,3550.6,3325.8,3269.6,3218.9,10070,15775,13395,11473,25540,1731.3
32377,557.98,1293.9,3573.2,3347.2,3290.5,3239.2,9973.5,15632,13285,11394,25192,1731
34658,524.16,1294.4,3654.7,3424.2,3366.1,3312.5,10639,16694,14080,11993,25625,1731.2
31610,344.14,1294.9,3829.2,3589.1,3527.8,3469.3,10098,15843,13435,11504,25666,1730.5
33064,334.19,1295.4,4193.1,3933.6,3865.4,3795.9,10621,16672,14057,11966,25042,1730.2
33021,318.28,1295.2,4705,4419.1,4340.8,4254.5,10941,17192,14453,12258,25286,1729.9
31771,318.28,1295.9,4906.2,4610.2,4527.7,4434.3,10800,16974,14279,12127,25233,1729.8
33140,318.28,1295.6,4540.6,4263,4188,4107.3,10834,17020,14316,12154,27020,1729.2
35030,334.19,1295.8,4343.2,4075.8,4004.7,3930.4,11140,17527,14713,12469,27220,1728.7
33699,435.64,1295.6,4223.7,3962.6,3893.8,3823.4,10804,17003,14318,12200,31663,1728.2
42730,376.96,1295.9,4143.7,3886.8,3819.6,3751.6,12705,20059,16617,13870,31548,1728.1
44647,327.23,1296.3,4086.3,3832.4,3766.3,3700.1,13098,20749,17140,14239,29954,1728
46750,327.23,1297,4073.6,3820.4,3754.5,3688.7,13538,21480,17685,14662,29391,1728.1
46455,318.28,1297.2,4090.2,3836.1,3769.9,3703.6,13512,21463,17676,14664,29655,1728
43102,286.45,1297.9,4254,3991.2,3921.9,3850.5,12898,20510,16966,14139,28575,1727.9
37382,334.19,1298.1,4231.8,3970.3,3901.3,3830.6,11661,18521,15514,13078,27973,1727.8
38077,1039.5,1298.3,4121.7,3865.9,3799.1,3731.8,11885,18894,15799,13314,28925,1727.5
41018,999.59,1299.5,4138.4,3881.7,3814.6,3746.8,12630,20112,16719,13986,31935,1727.4
42839,806.63,1300.2,4256,3993.2,3923.8,3852.3,13071,20795,17276,14361,30123,1727.5
41367,690.26,1300.4,4335.6,4068.6,3997.6,3923.6,12834,20419,17000,14457,29544,1727.5
40617,605.72,1301.5,4900.6,4605,4522.5,4429.4,12997,20268,17076,15825,28330,1727.3
32250,852.39,1301.8,6814.1,6432.2,6303.5,6133,12463,19414,16444,14824,27601,1727
33387,774.81,1302,6583,6210.6,6088.2,5928,12488,19455,16496,14673,27446,1726.5
30933,725.08,1301.8,6311.8,5950.9,5835.6,5687.2,11757,18295,15584,13990,27225,1726.3
31932,692.25,1302,6150.9,5796.9,5685.7,5544.1,11818,18414,15666,13985,26387,1726
31989,677.33,1302.2,6154.1,5800,5688.8,5547,11803,18381,15717,13970,26038,1725.2
30687,654.46,1303.4,6439.3,6073,5954.4,5800.4,11690,18198,15681,13912,26274,1724.8
31340,638.54,1304.6,6514,6144.5,6023.9,5866.7,11859,18470,15929,14121,26466,1724.1
32521,654.46,1307.9,6976.8,6588.3,6455.1,6277.2,12439,19417,16650,15651,26328,1723.5
39291,646.5,1313.6,8015.2,7587.8,7423,7195.3,14568,22937,19432,18192,26020,1723.5
40316,758.89,1321.9,9343.5,8873.8,8661.4,8364.1,15783,25000,20945,19856,26030,1724
44541,835.48,1332.1,12869,12329,11943,11437,19195,30843,25230,22460,25897,1725.7
54607,783.76,1344.3,14535,13984,13489,12751,20541,36852,29520,21845,26247,1727.5
52684,725.08,1349.9,12387,11853,11495,11019,20674,33707,27133,22544,26728,1728.2
53444,715.13,1356,10911,10403,10122,9735.7,19805,31931,25762,22310,26258,1728.8
51494,700.21,1363.7,10651,10148,9879.7,9508.3,19313,31020,25111,22477,26159,1729.3
53315,654.46,1368.7,10190,9697.7,9450.2,9105.5,19472,31269,25252,21950,26117,1729.7
49426,625.61,1372.4,9461.7,8988.7,8771.6,8467.8,17992,28834,23417,20303,26167,1729.7
47770,617.66,1375.7,8823.1,8369,8176.3,7906.9,17136,27375,22409,19341,26155,1729.5
44766,625.61,1379,8395.7,7955.4,7777.8,7530.8,16201,25789,21353,18676,26053,1728.9
44113,612.68,1381.4,8022.4,7594.7,7429.7,7201.7,15789,25074,20803,18264,26076,1728.9
40728,606.72,1383.8,7858.3,7436.4,7276.7,7056.8,14932,23646,19743,17436,26058,1728.5
41803,606.72,1386.2,7772.1,7353.3,7196.4,6980.7,15044,23807,19853,17424,26061,1728.3
42576,591.8,1388.1,7615.3,7202.3,7050.3,6842.3,15079,23852,19885,17469,26041,1727.7
39628,585.83,1390.1,7510.5,7101.4,6952.6,6749.6,14386,22716,19036,17007,25993,1727.4
40554,591.8,1390.2,7402.9,6997.9,6852.3,6654.5,14467,22841,19126,16968,25934,1726.8
37888,591.8,1391.1,7207.7,6810.1,6670.3,6481.7,13764,21701,18293,16581,25948,1726.7
38196,617.66,1393.4,7270.9,6870.9,6729.2,6537.7,13915,21948,18490,17754,25941,1726.5
38651,625.61,1395.2,7890.1,7467.1,7306.4,7085,14534,23040,19282,18274,25991,1726.5
45508,612.68,1397.9,8350.6,7911.8,7735.8,7491.1,16296,26155,21573,19499,25949,1726.3
48226,606.72,1399.7,8535.3,8090.4,7908,7653.7,17034,27439,22685,19827,25975,1725.9
54346,705.18,1402.8,8518.2,8073.8,7892,7638.7,18347,29787,24288,20628,25919,1725.7
60012,705.18,1405,8189.2,7755.8,7585.3,7348.8,19259,31197,25232,21148,25915,1725.6
55546,705.18,1407.4,7906.6,7483.1,7321.8,7099.5,18105,29079,23652,20047,25923,1725.4
52767,693.25,7309.6,7398.7,6993.8,6848.3,6650.7,17174,27446,22427,19154,25875,1724.7
54719,682.31,7306.7,8269.8,7833.7,7660.4,7419.9,18097,28891,23537,19882,25913,1724.2
52107,682.31,7310,8851.8,8396.8,8203,7932.2,17914,28611,23509,21383,25890,1723.9
53800,659.43,7319.8,10413,9915,9657.7,9300.2,19247,31415,25741,22194,25887,1723.7
53987,636.55,7012.5,9820.6,9337.8,9106.1,8782.4,18880,30934,25311,21467,25880,1723.1
51088,613.68,6838.7,14789,14237,13724,12736,20629,34669,27960,22525,25833,1722.3
50891,613.68,6857.7,16239,15691,15064,12654,20558,35964,28866,22370,25848,1721.7
51696,636.55,6662.6,13981,13432,12975,12397,20659,33806,27411,22569,25810,1721.4
55413,659.43,6975.8,16348,15801,15164,12648,20477,37529,30146,21984,25809,1720.7
51637,705.18,6962.3,8609.5,8162.1,7977.1,7719,17665,28200,23418,20300,25756,1720.2
48876,739,6893.5,8934.3,8476.8,8280,8004.7,17320,27601,23006,20645,25737,1719.7
51870,772.82,6924.4,10713,10209,9937.6,9562.6,19148,30590,25255,22362,25766,1719.5
59876,841.45,6878.9,11839,11313,10986,10543,20599,35000,28576,21457,25765,1719.4
70357,818.57,6895.4,14502,13951,13458,12753,20289,41653,33329,20907,25749,1719.2
73097,795.69,6866.6,12733,12195,11817,11319,20337,40842,32574,21262,25739,1718.9
67686,795.69,6905.4,12135,11604,11261,10800,20458,38139,30629,21446,25729,1718.5
68491,772.82,6850,11611,11089,10774,10345,20465,38057,30841,21005,25732,1718
72846,739,6878.6,12529,11993,11628,11142,20342,40883,32876,20804,25737,1717.5
72413,716.12,6846.1,12215,11683,11335,10870,20369,40238,32270,21013,25716,1717.1
71060,716.12,6875.4,12618,12081,11710,11219,20378,39918,31985,20970,25712,1716.7
70582,705.18,6860.5,11907,11380,11049,10602,20420,38951,31443,20979,25711,1716.1
69164,682.31,6897.3,11369,10852,10549,10135,20470,37879,30702,21438,25705,1715.7
63579,682.31,6862.2,10357,9861.2,9606.3,9252,20615,34816,28540,21833,25693,1715.2
60440,682.31,6896.2,10663,10159,9890.6,9518.6,20655,33924,28074,21986,25646,1714.4
53382,647.5,6878.9,10094,9604.3,9361,9021.8,19206,30899,25984,22521,25623,1713.9
53967,613.68,6894.9,10119,9628.5,9384.1,9043.5,19238,30931,25875,22360,25609,1712.9
46507,567.93,6892.9,9286.3,8818.2,8608.1,8313.9,17089,27341,23202,20563,25562,1711.6
48185,263.47,6875,6551,6179.9,6058.4,5899.5,14778,23361,18993,15724,28219,1710.6
43114,304.94,6858,6452,6085.1,5966.2,5811.7,13667,21581,17602,14789,28448,1709.6
40009,260.12,6840.2,7391.6,6987,6841.7,6644.4,13610,21478,17573,14720,28344,1708.7
40317,300.75,6821.8,7281.3,6880.9,6738.9,6546.9,13610,21461,17630,14743,28122,1707.8
41162,294.05,6803.2,7274.8,6874.6,6732.9,6541.1,13779,21696,17916,14969,28355,1706.9
40662,290.28,6784.9,7357.1,6953.8,6809.5,6613.9,13729,21598,17939,14986,28587,1705.9
41448,290.28,6767,7460.5,7053.3,6906,6705.4,13963,21965,18220,15200,28689,1704.9
42909,290.28,6748.8,7469.7,7062.2,6914.6,6713.6,14280,22505,18633,15498,28850,1704
42581,290.28,6730.8,7473.3,7065.6,6917.9,6716.7,14217,22414,18665,15614,28759,1703
41916,294.05,6712.8,7455.8,7048.8,6901.6,6701.3,14066,22163,18484,15467,28151,1702
42052,266.82,6694.6,7466.2,7058.7,6911.2,6710.4,14105,22213,18489,16724,28059,1701
42416,300.75,6676.2,7640.2,7226.2,7073.4,6864.2,14313,22569,19039,16744,27868,1699.9
41226,297.4,6657.9,7570.5,7159.2,7008.5,6802.6,14053,22174,18560,15891,27701,1698.8
39338,297.4,6639.4,7484.3,7076.1,6928.1,6726.4,13600,21462,18037,15376,27573,1697.6
41306,294.05,6620.9,7401.7,6996.7,6851.1,6653.4,13955,22028,18370,15519,27621,1696.5
40861,290.28,6602.3,7353.5,6950.3,6806.2,6610.7,13823,21783,18143,15315,27876,1695.4
41926,294.05,6583.3,7361,6957.5,6813.2,6617.4,14056,22137,18409,15512,28092,1694.3
41611,290.28,6567.4,7395.2,6990.5,6845.1,6647.7,14007,22053,18340,15645,28318,1693.2
43461,286.93,6554.1,7487.1,7078.8,6930.7,6728.9,14453,22804,18883,16847,28165,1692.1
42663,284.84,6541.2,8082.3,7652.6,7485.6,7254.5,14687,23392,19337,19257,27911,1691.1
48283,356.46,6536.4,10288,9793.8,9542,9191.6,17381,28575,23976,22238,27753,1690.1
58373,384.53,6531.7,10055,9565.7,9324.1,8987.1,19461,33304,27404,22324,28002,1689.4
65428,347.67,6530.2,9390.8,8919.8,8705.5,8405.6,20458,34397,28041,22433,28196,1688.6
65051,332.17,6521.2,8805.1,8351.6,8159.5,7891.1,19971,33080,26946,21965,28259,1687.7
61159,309.55,6506.2,8394.8,7954.5,7776.9,7530,18871,30812,25272,20694,28246,1686.7
57058,290.28,6489.2,8111.8,7681.1,7513.1,7280.6,17797,28874,23815,19568,28090,1685.7
54384,280.23,6472.2,7771.1,7352.4,7195.5,6979.9,16991,27404,22595,18657,27979,1684.6
51675,280.23,6454.7,7560,7149.1,6998.7,6793.4,16246,26032,21628,17948,27826,1683.4
52520,274.78,6436.7,7572.2,7160.7,7010,6804.1,16387,26140,21642,17901,27835,1682.2
52227,269.34,6418.5,7570,7158.7,7008.1,6802.2,16317,25965,21476,17736,27957,1681
52234,263.47,6400,7495.9,7087.3,6938.9,6736.7,16288,25919,21436,17678,28038,1679.9
53811,303.68,6380.7,7467.1,7059.6,6912.1,6711.2,16643,26526,21946,17916,21409,1678.9
50070,291.96,6361.3,7077.2,6684.7,6548.7,6366.2,15616,24827,20580,16954,21415,1677.8
49944,291.96,6341,7086.3,6693.5,6557.2,6374.3,15598,24798,20632,16973,21406,1676.9
48116,296.15,6320.7,6270.1,5911,5796.8,5650.1,14688,23262,19489,16192,21425,1676
48698,299.91,6300.7,6470.5,6102.9,5983.5,5828.1,14952,23669,19798,16399,21295,1675.1
49170,299.91,6280.8,6616.4,6242.6,6119.3,5957.6,15165,24064,20100,16608,21519,1674.2
49211,307.45,6261.8,6660.9,6285.3,6160.8,5997.2,15199,24143,20159,16704,21778,1673.3
50187,311.64,6242.7,6718.3,6340.3,6214.3,6048,15446,24569,20489,16969,21737,1672.3
50893,296.15,6223.4,6706.9,6329.4,6203.7,6038,15620,24883,20633,17056,21802,1671.3
50726,291.96,6204.2,6632.5,6258,6134.3,5971.9,15531,24734,20433,16881,26517,1670.3
52360,288.19,6185.1,6599.6,6226.5,6103.7,5942.7,15841,25232,20754,17090,26538,1669.2
53327,296.15,6166.4,6599,6225.9,6103.1,5942.2,16040,25561,21011,17390,26584,1668.2
54358,342.64,6147.8,6803,6421.5,6293.2,6123.1,16416,26205,21499,18105,26615,1667.2
55114,327.14,6130.6,7100.6,6707.2,6570.5,6386.9,16785,26856,21923,18160,26503,1666.2
55534,334.68,6112.5,7181.4,6784.8,6645.8,6458.4,16933,27181,22176,18498,26374,1665.3
54769,584.33,6096.1,7792.9,7373.5,7215.8,6999.2,17285,27827,22614,19469,26387,1664.5
56472,547.89,6081.3,8291.1,7854.3,7680.3,7438.7,18142,29343,23847,20331,26558,1663.7
59574,542.86,6067.2,8588.8,8142.2,7957.9,7700.8,19090,31156,25168,20941,26456,1662.9
58197,491.34,6053.4,8619.6,8172,7986.6,7727.9,18741,30698,24775,20405,26415,1662.1
58249,469.14,6039.8,8657.5,8208.6,8021.9,7761.3,18659,30584,24637,20148,26462,1661.2
56827,453.64,6025.6,8492.9,8049.3,7868.4,7616.4,18211,29981,24155,19733,26479,1660.4
56432,448.62,6010.5,8278.4,7842,7668.4,7427.4,17957,29492,23766,19421,26450,1659.6
56864,428.93,5995.9,8090.1,7660.2,7492.9,7261.5,17895,29207,23535,19197,26450,1658.8
56550,423.9,5980.3,7844.5,7423.2,7263.9,7044.7,17647,28683,23192,18925,26362,1658
57417,414.69,5967.1,7641.8,7227.9,7075,6865.7,17681,28615,23210,18881,26443,1657.1
56814,405.89,5956,7463.9,7056.5,6909.1,6708.4,17431,28119,22840,18604,26343,1656.2
54586,448.62,5945,7905.1,7481.6,7320.4,7098.2,17297,27853,22678,19507,22574,1655.3
57343,863.3,5951.1,10929,10420,10139,9751.4,20383,33036,26600,22563,22649,1654.6
67168,964.25,5955.7,10860,10353,10075,9691.2,20532,37886,30679,22398,25471,1654
63003,863.3,5954,13223,12680,12272,11743,20482,38477,31177,22265,25484,1653.5
59202,578.05,5950.1,13235,12691,12283,11753,20562,36899,30433,22446,25487,1653
50165,536.16,5947.4,12391,11856,11499,11022,19737,33524,27887,21471,25589,1652.4
44406,551.24,5932.4,11994,11466,11130,10678,18321,30622,25776,20184,25694,1651.8
47878,819.32,5925.6,12504,11969,11604,11121,19581,32478,27147,21172,25820,1651.2
48860,725.49,5922,12684,12146,11772,11277,19944,33258,27855,21504,25806,1650.6
55817,639.62,5916.4,12357,11824,11468,10993,20643,35282,29226,22293,25814,1650
62783,599.41,5909.7,12001,11472,11136,10684,20557,36808,30235,22519,25823,1649.4
61572,604.86,5902.8,12463,11928,11566,11085,20558,36774,30262,22516,25922,1648.8
67034,662.24,5909.6,13765,13217,12775,12211,20392,40575,32936,21951,25985,1648.2
64647,760.26,5924.4,14492,13941,13449,12753,20382,41241,33437,21821,26087,1647.7
69155,995.67,5943.4,15390,14838,14279,12702,20247,44480,35755,21320,26768,1647.2
76346,1039.5,5971.4,16030,15481,14871,12666,20076,44704,38082,20632,26073,1646.8
82560,1039.5,5997.3,15549,14998,14427,12693,19979,44622,37929,20483,26047,1646.5
83299,1039.5,6014.7,15289,14737,14186,12708,19969,44667,38028,20595,25994,1646.2
82297,1039.5,6047.3,16080,15531,14917,12663,19933,44645,37981,20547,25866,1646.1
79097,1039.5,6084.9,17080,16539,15839,12607,19924,44632,37946,20509,25797,1646
79102,1039.5,6117.8,17519,16985,16243,12580,19885,44571,37820,20383,25763,1646.1
82835,1039.5,6141.5,16278,15730,15099,12652,19879,44572,37828,20401,25664,1646.2
80978,1039.5,6157.5,15320,14768,14215,12706,19960,44697,38098,20695,25717,1646.9
78899,1039.5,6171.2,14677,14126,13620,12743,20032,44797,38034,20924,25755,1649.1
76792,1039.5,6189.4,15053,14501,13968,12721,20048,44821,37720,20991,25748,1651.3
72365,1039.5,6203.8,15001,14449,13920,12724,20123,44907,36577,21226,25856,1653
62324,1039.5,6211.2,14439,13888,13400,12756,20328,41677,33590,21842,25880,1654.6
63513,1039.5,6210.6,13560,13014,12585,12034,20351,41027,33110,21947,25909,1655.7
60400,1039.5,6210.9,12770,12231,11851,11351,20448,38891,31610,22264,25834,1656.2
58398,1024.2,6209.8,12181,11650,11304,10840,20514,37380,30475,22504,25904,1656.6
55611,953.36,6202.2,11890,11364,11033,10588,20577,35969,29361,22229,25725,1656.5
54134,938.28,6193.9,11603,11081,10766,10338,20615,35090,28619,21768,26024,1656.4
51956,945.82,6186.2,11443,10924,10617,10199,20658,34123,27837,21282,26262,1656.2
45441,1039.5,6183.2,11443,10924,10617,10199,19567,31375,25387,19447,19312,1656.1
44961,1039.5,6183.5,9764.3,9283,9053.7,8733.1,18517,29636,24152,18649,19750,1656.1
45665,1039.5,6184.5,9880.3,9396,9161.8,8834.6,18771,30062,24454,18845,20268,1656.1
45549,1025.4,6184.1,9827.4,9344.4,9112.4,8788.3,18759,30066,24339,18771,20702,1656.3
43146,1039.5,6179.4,10041,9552.3,9311.3,8975.1,18381,29523,23940,18511,20556,1656.5
48751,1039.5,6191.7,10734,10229,9957.3,9581.1,20243,32676,26266,20009,20324,1656.5
51241,1039.5,6207.8,11932,11405,11072,10624,20608,35042,28017,21109,19769,1656.7
51325,1039.5,6217.3,11624,11102,10786,10356,20616,34934,27861,21012,19305,1657.5
51211,1039.5,6221.7,11135,10621,10330,9930.2,20645,34258,27346,20691,18997,1657.9
49698,1039.5,6223.4,10605,10103,9836.7,9468.1,20469,32997,26427,20110,18889,1658.3
47688,1033.8,6224,10354,9857.7,9602.9,9248.8,19803,31840,25648,19615,18858,1658.7
47064,967.18,6225.5,10526,10025,9763,9398.9,19734,31679,25624,19599,18835,1658.8
46802,900.16,6224.4,10370,9873.4,9618,9263,19512,31292,25427,19473,18763,1659
44442,858.7,6220.9,9947.7,9461.6,9224.5,8893.6,18645,29838,24282,18734,18528,1659
42980,867.07,6217,9639.2,9161.3,8937.1,8623.4,18119,28929,23566,18266,18462,1659
37703,830.21,6214.2,9880,9395.7,9161.5,8834.4,16993,27059,22116,17306,13812,1659
35376,783.72,6209,9776.3,9294.7,9064.8,8743.5,16346,26006,21327,16775,13788,1659.1
33273,742.67,6204,9470.3,8997,8779.6,8475.3,15654,24908,20516,16225,13811,1659.2
31419,736.8,6191.2,9137.3,8673.7,8469.2,8183.1,14963,23772,19636,15620,13754,1658.8
30714,719.63,1196.7,9027.3,8567,8366.7,8086.5,14689,23305,19219,15331,13754,1658.8
31908,713.76,1199.5,7897.5,7474.3,7313.3,7091.5,14285,22633,18691,14963,13763,1658.7
33469,690.31,1202.4,7930.6,7506.2,7344.2,7120.7,14708,23315,19196,15315,13884,1658.6
31618,678.58,1205.3,7865.3,7443.2,7283.3,7063,14195,22493,18583,14887,13847,1658.4
32366,707.9,1208.5,8024.8,7597.1,7432,7203.8,14495,22978,18941,15138,13861,1658.3
32914,742.67,1211.9,8300.5,7863.3,7689,7446.9,14822,23512,19334,15411,13874,1658.2
34709,771.99,1215.4,8340.1,7901.6,7726,7481.8,15309,24326,19933,15825,14112,1658.3
34525,875.45,1219.4,8404.9,7964.2,7786.4,7538.9,15346,24384,19971,15851,14242,1658.5
34089,1039.5,1224.7,8896.5,8440.1,8244.7,7971.5,15693,24937,20392,16140,14524,1659.1
37565,1039.5,1229.6,9474.5,9001.1,8783.5,8479,17030,27148,22070,17275,14574,1660
39727,1039.5,1233.8,9705.9,9226.2,8999.2,8681.9,17783,28417,23056,17930,14777,7707.4
13612,932,1237.6,9426,8954,8738.3,8436.5,11031,17464,14713,11429,11240,7641.4
13749,967.18,1241.6,8986.5,8527.3,8328.6,8050.6,10714,16925,14246,11075,11457,7574.3
13891,1039.5,1246.1,9040.2,8579.4,8378.7,8097.8,10761,16991,14286,11106,11733,7509.7
14028,1039.5,1252.1,9719.7,9239.6,9012.1,8694,11157,17647,14728,11441,12330,7444.9
14171,1039.5,1259,10741,10236,9963.7,9587.1,11999,19045,15745,12201,13025,7386.7
14332,1039.5,1266.9,11853,11327,10998,10555,12978,20690,16994,13121,13592,7328.6
17314,1039.5,1274.9,12936,12395,12005,11495,14615,23400,19050,14599,13941,7274.8
25028,1039.5,1283.6,13945,13396,12941,12366,17173,27630,22195,16780,14152,7219.9
25166,1039.5,1292.2,14102,13552,13087,12501,17338,27990,22412,16927,14672,7138.3
28947,1039.5,1299.7,13292,12748,12336,11803,17629,28416,22721,17136,15297,7087
26091,1039.5,1306.6,12470,11935,11573,11091,16420,26339,21203,16102,16369,7027.4
27131,1039.5,1313.4,12144,11613,11269,10808,16519,26437,21335,16192,17038,6972.3
31646,1039.5,1321.6,12711,12173,11796,11300,18245,29249,23434,17614,19828,6932.9
36817,1039.5,1330.8,14503,13952,13459,12753,20657,33885,26845,19847,21292,6944.6
42044,1039.5,6954.1,16978,16436,15745,12612,20416,38925,30492,22140,23139,6988.1
50503,1039.5,6730.8,17372,16985,16078,12403,20088,44923,35239,21772,25146,7016.6
56293,1039.5,6791.5,17095,16985,15752,12091,19700,44461,37842,20675,27376,7049.4
88096,1039.5,6788.6,17169,16985,15839,12172,19291,43898,36714,19632,26410,7078.5
70524,1039.5,6806.2,17231,16985,15913,12241,19672,44428,37778,20608,24966,7104.3
1.0002e+05,1039.5,6802.2,17293,16985,15987,12312,19277,43888,36697,19618,23976,7127.3
88746,1039.5,6797.1,17270,16985,15959,12285,19410,44084,37088,19947,23497,7156.6
1.1197e+05,1039.5,6793.7,17253,16985,15940,12266,18984,43427,35753,18928,25999,7193
1.0302e+05,1039.5,6811.5,17296,16985,15990,12315,19177,43723,36365,19360,29642,7233.9
1.1419e+05,1039.5,6811.1,17360,16985,16064,12389,19091,43590,36102,19167,31592,7269.1
1.0561e+05,1039.5,6832.1,17405,16985,16116,12442,19304,43923,36780,19685,30754,7298.5
1.0578e+05,1039.5,6846,17460,16985,16178,12509,19381,44041,37024,19891,29161,7322
78004,1039.5,6836.8,17467,16985,16186,12517,19839,44647,38228,21105,27765,7339.8
96376,1039.5,6794.9,17421,16985,16135,12462,19458,44154,37250,20093,28299,7362.4
84305,1039.5,6798.9,17208,16985,15886,12215,19350,44001,36939,19818,30449,7399
1.155e+05,1039.5,6771.1,17055,16985,15704,12048,18643,42832,34548,18219,34718,7454.9
1.1575e+05,1039.5,6743.4,16891,16985,15513,11879,18451,42453,33763,17838,43571,7526.4
1.1669e+05,1039.5,6766.4,16778,16985,15384,11768,18337,41929,32663,17595,44524,7611.2
1.1767e+05,1039.5,6769.2,16688,16985,15284,11682,18278,41791,32365,17481,44524,7698.4
1.1876e+05,1039.5,6784.9,16734,16985,15334,11725,18339,41960,32705,17612,44524,7783.3
1.165e+05,1039.5,6804.9,16821,16985,15432,11809,17963,41107,30910,17006,44524,7862.1
1.1604e+05,1039.5,6806.7,16908,16985,15532,11896,17964,41120,30939,17014,44524,7932.5
1.1724e+05,1039.5,6796.2,16908,16985,15532,11895,18203,41721,32206,17423,44524,7998.2
1.1622e+05,1039.5,6802.1,16882,16985,15502,11870,17964,41167,31030,17041,44524,8060.1
1.1698e+05,1039.5,6802.3,16867,16985,15484,11854,18085,41423,31568,17205,44524,8120.6
1.1551e+05,1039.5,6798.2,16863,16985,15480,11851,17736,40519,29659,16689,44524,8183.7
1.1626e+05,1039.5,6804.7,16858,16985,15474,11846,17855,40880,30421,16873,44524,8246.3
1.1492e+05,1039.5,6812.2,16862,16985,15479,11850,17617,40231,29054,16562,44524,8315.2
1.1565e+05,1039.5,6838.9,17000,16985,15640,11991,17927,41090,30881,16998,44524,8383.1
1.1545e+05,1039.5,6865.8,17159,16985,15828,12161,18082,41498,31765,17270,44524,8444.9
1.1793e+05,1039.5,6891.4,17280,16985,15971,12296,18776,42967,34838,18640,44524,8487
1.1816e+05,1039.5,6885.7,17333,16985,16033,12357,18913,43226,35377,18970,44524,8510.1
1.1846e+05,1039.5,6881.9,17287,16985,15980,12305,19006,43393,35719,19198,44524,8520.1
1.1834e+05,1039.5,6871.7,17271,16985,15961,12286,18995,43377,35688,19176,44524,8551.1
1.1815e+05,1039.5,6881.5,17290,16985,15983,12308,19028,43432,35801,19255,42563,8591.3
1.1809e+05,1039.5,6895,17366,16985,16071,12396,19117,43582,36101,19471,41197,8611.6
1.1772e+05,1039.5,6904.2,17448,16985,16165,12494,19205,43730,36393,19694,40364,8610.7
1.1757e+05,1039.5,6897.6,17490,16985,16212,12545,19255,43816,36568,19836,38084,8607.5
1.1717e+05,1039.5,6907.7,17506,16985,16229,12564,19278,43856,36649,19902,38115,8599
1.1692e+05,1039.5,6904.5,17517,16982,16242,12582,19296,43888,36713,19956,38009,8605.6
1.1648e+05,1039.5,6917.1,17359,16822,16096,12591,19307,43908,36754,19991,38279,8618.1
1.162e+05,1039.5,6922.8,16418,15871,15229,12644,19357,43984,36909,20125,42452,8606.2
1.1587e+05,1039.5,6924.1,15648,15097,14518,12687,19402,44052,37045,20247,44524,8611.4
1.0348e+05,1039.5,6707.2,14922,14370,13847,12729,19645,44386,37713,20903,43024,8625.2
95885,1039.5,6752.8,14261,13710,13234,12638,19802,44585,38107,21344,42611,8606
96184,1039.5,6642.9,14398,13847,13361,12756,19787,44571,38086,21319,41444,8611.1
95474,1039.5,6934.1,14489,13938,13446,12754,19792,44580,38106,21342,41987,8602.8
97127,1039.5,1337.9,14473,13922,13431,12754,19788,44636,38220,20968,41542,4543.5
65074,1039.5,1340.6,8470.1,8027.3,7847.2,7596.3,20613,33856,26688,20204,37860,4557.9
60989,1039.5,1343.3,7949.4,7524.3,7361.7,7137.3,20321,31775,25167,19232,35448,4570.2
57476,1039.5,1345.6,7474.6,7066.9,6919.1,6717.9,19302,30082,23963,18450,34403,4579.3
55681,1039.5,1347.6,7189.4,6792.6,6653.3,6465.6,18839,29317,23398,18079,35196,4591.3
55730,1039.5,1349.8,7146.1,6750.9,6612.9,6427.2,18986,29559,23561,18186,36956,4601.4
61239,1039.5,1351.4,7086.4,6693.5,6557.2,6374.3,20113,31429,24926,19076,37739,4614.1
59384,1039.5,1353.9,6910.4,6524.6,6393.3,6218.4,19380,30212,24038,18499,39528,4625.7
58816,1039.5,1355,6312.3,5951.4,5836.1,5687.6,18626,28965,23119,17894,42309,4638.1
54558,1039.5,1356.8,6070.4,5720,5610.8,5472.5,17354,26870,21570,16860,44524,4648.7
55095,1039.5,1358.3,5647.8,5316.4,5217.4,5096.3,17057,26382,21224,16626,44524,4657.5
48796,1039.5,1359.5,5302.1,4986.9,4895.8,4788,15652,24086,19533,15467,44524,4663.2
53797,1039.5,1361,4982.6,4682.9,4598.7,4502.7,16987,26267,21141,16569,44524,4672.2
68800,1039.5,1362.1,4936.5,4639,4555.9,4461.4,19954,31164,24750,18962,44524,4682.9
58652,1039.5,1363.3,4739,4451.4,4372.3,4284.8,17719,27470,22039,17175,44524,4694.1
52001,1039.5,1364.3,4530.8,4253.7,4178.9,4098.5,16150,24898,20133,15881,43364,4703.9
50508,1039.5,1365.2,4338.2,4071.1,4000.1,3926,15706,24174,19593,15508,43133,4712.9
50881,1039.5,1366.2,4156.7,3899.1,3831.6,3763.3,15572,23956,19430,15395,42878,4723.5
49889,1039.5,1367,4044.1,3792.5,3727.2,3662.2,15132,23240,18895,15022,42287,4730.3
48219,1039.5,1368.1,4724.1,4437.3,4358.5,4271.6,15055,23115,18774,14937,39220,4738.9
40105,1039.5,1369.5,4863,4569.3,4487.6,4395.8,13315,20300,16661,13434,38351,4744.3
44970,1039.5,1370.7,4732.5,4445.3,4366.4,4279.1,14148,21645,17641,14137,38363,4748.9
45384,1039.5,1371.5,4565,4286.2,4210.7,4129.1,14076,21527,17543,14067,37979,4753.1
41631,1039.5,1372.2,4404.2,4133.7,4061.4,3985.1,13112,19973,16382,13232,39112,4756.6
40447,1039.5,1373.3,4281.8,4017.6,3947.7,3875.4,12737,19369,15934,12906,40350,4762.5
37517,1039.5,1373.8,4196.3,3936.6,3868.4,3798.8,12050,18267,15100,12293,39272,4768.2
39625,1039.5,1374.5,4081.2,3827.6,3761.6,3695.5,12389,18811,15480,12573,38924,4774.3
37465,1039.5,1375.1,4005.8,3756.2,3691.6,3627.9,11859,17962,14855,12112,38672,4778
35920,1039.5,1375.9,3919.1,3674.2,3611.2,3550.1,11476,17349,14379,11757,38620,4783.4
31010,1039.5,1376.2,3844.6,3603.7,3542.1,3483.1,10394,15627,13084,10781,37046,4788.7
32705,1039.5,1376.7,3761,3524.6,3464.6,3408,10676,16074,13447,11057,36855,4791.8
34489,1039.5,1377.1,3654.2,3423.7,3365.6,3312.1,11026,16408,13679,12081,37507,1936.9
33752,1039.5,1377.5,3346.7,3133.3,3080.6,3035.4,10643,15798,13214,11705,36685,1941
29624,1039.5,7145.4,3277.4,3067.9,3016.5,2973,9673.1,14259,12021,10796,35791,1944.9
29374,1039.5,7132.5,4380.2,4110.9,4039.1,3963.6,10292,15240,12757,11345,35407,1948.6
29314,1039.5,7118.9,4315.1,4049.2,3978.7,3905.3,10214,15117,12681,11285,36028,1951.6
32086,1039.5,7106.1,4254.2,3991.5,3922.1,3850.7,10719,15919,13285,11736,36845,1954
30958,1039.5,7091.6,4204.8,3944.7,3876.3,3806.4,10447,15487,12958,11505,38470,1956.7
27828,1039.5,7077.9,4177.2,3918.5,3850.6,3781.6,9769.3,14411,12140,10888,39458,1959.1
26784,1039.5,7063,4134.6,3878.1,3811.1,3743.4,9509,13999,11830,10657,39604,1962.6
26103,1039.5,7047.8,4079.9,3826.4,3760.4,3694.4,9315.6,13693,11609,10474,38152,1965.2
24923,1039.5,7032.6,4047.1,3795.3,3729.9,3664.9,8980.4,13164,11199,10126,36253,1967.5
26752,1039.5,7016.5,4017.5,3767.3,3702.5,3638.4,9266.9,13616,11540,10368,34248,1970.1
25437,1039.5,7001,3981.7,3733.4,3669.3,3606.2,8909.8,13053,11117,10021,34050,1972.2
24084,1039.5,6985.6,3960.2,3713,3649.3,3586.9,8572.8,12522,10707,9689.8,33520,1974.4
22776,1039.5,6970.5,4001.5,3752.1,3687.6,3624,8319,12123,10405,9445,32892,1976.4
28901,1039.5,6956.6,4105.9,3851,3784.5,3717.7,9745.2,14373,12118,10780,34059,1978
26056,1039.5,6940.9,4149,3891.8,3824.5,3756.3,9184.5,13486,11434,10257,34151,1979.9
26130,1038.4,6925.4,4076.9,3823.5,3757.6,3691.7,9142.4,13420,11395,10204,32835,1981.9
27676,1000.3,6908.6,4065.2,3812.5,3746.8,3681.2,9431.8,13877,11737,10459,31869,1983.4
27219,1005.7,6892.7,3971.3,3723.6,3659.6,3596.9,9253.9,13596,11538,10317,31864,1984.7
24166,1027.5,6877.7,3934.6,3688.8,3625.5,3563.9,8578.3,12531,10749,9710.6,32594,1985.9
25632,1000.3,6860.5,3949.3,3702.7,3639.2,3577.1,8899.6,13037,11131,10001,32834,1986.7
25556,929.9,6844.3,3923,3677.8,3614.8,3553.5,8846.9,12954,11070,9946.3,31794,1988
25736,902.68,6827.3,3919.8,3674.8,3611.8,3550.6,8867.2,12986,11087,9952.1,31552,1989.6
24513,891.79,6810.3,3917.6,3672.8,3609.8,3548.7,8599,12563,10755,9692.6,31511,1990.4
25788,875.45,6793.1,3892,3648.5,3586,3525.7,8837,12938,11022,9905,31923,1991.6
24165,870,6775.8,3869.8,3627.5,3565.5,3505.8,8467.5,12356,10571,9568.3,31825,1992.4
24478,891.79,6759,3813.3,3574,3513,3455,8498.9,12406,10614,9611.9,31856,1992.8
24337,864.56,6741.5,3816,3576.6,3515.6,3457.4,8463.6,12350,10574,9581.9,31773,1993.5
23531,810.11,6723.1,3783.6,3546,3485.5,3428.3,8245.8,12008,10310,9361.9,33679,1994.2
38156,743.09,6705.5,3777.6,3540.3,3479.9,3422.9,11338,16905,14012,12147,30970,1995.2
19130,682.35,2907.6,3743.4,3508,3448.3,3392.2,7133.8,10898,9453.2,8336.9,29483,1995.7
16249,637.95,1290,1713.1,1597.8,1571.8,1559.6,5149.2,7814.8,7115.6,6431.1,28907,1996.1
16249,615.75,1289.7,1341.8,1250.5,1230.1,1222.6,4887.3,7410.4,6806.3,6174.4,28696,1996.4
18138,604.44,1289.5,1315.9,1226.2,1206.2,1199,5271.4,8003.7,7263,6554.5,28786,1996.8
18067,588.1,1288.9,1298.1,1209.6,1189.8,1182.9,5241.1,7956.8,7228.4,6526.5,29130,1997.4
18741,547.89,1288.7,1295.2,1206.9,1187.2,1180.3,5369.3,8155.2,7372.5,6642.3,30008,1997.7
18082,510.19,1288.7,1335.1,1244.2,1223.9,1216.5,5242.6,7959.2,7206.9,6502.8,28925,1998.1
17404,490.5,1288.4,1359.8,1267.3,1246.6,1238.9,5109,7752.6,7039.1,6361.8,28511,1998.5
20144,489.67,1287.8,1333,1242.2,1222,1214.6,5695.4,8660,7727.8,6938.1,28455,1999.2
18577,450.29,1287.6,1301.6,1212.9,1193.1,1186.1,5320.7,8079.9,7295.3,6576.1,28361,1999.9
17514,423.06,1287.3,1299.2,1210.6,1190.9,1183.9,5062.2,7680.5,6987.6,6316.3,27626,2000.5
16837,415.11,1287.3,1766,1647.4,1620.5,1607.6,5212.5,7912.6,7163.2,6459.7,27239,2000.2
18820,417.2,1287,3031.8,2836.4,2789.2,2751.8,6465.6,9856.1,8640.4,7667.7,26915,1999.9
20701,413.85,1286.7,3047.5,2851.3,2803.7,2766,6870.2,10486,9125.4,8058.4,26828,2001
19927,407.57,1286.4,2987,2794.2,2747.8,2711.4,6654.7,10150,8864.3,7849.5,26719,2001.1
18278,415.11,1286,2930.2,2740.7,2695.2,2660.2,6263.2,9541.3,8426.5,7495.9,28067,2001.5
17622,451.55,1285.7,2903.4,2715.5,2670.4,2636,6106.5,9297.9,8244.8,7352.7,27394,2001.7
16248,412.59,1285.4,2882.9,2696.2,2651.5,2617.5,5793.1,8811.6,7899.1,7068.1,26951,2002.5
16240,391.65,1285,2868,2682.1,2637.6,2604.1,5772.7,8779.9,7876.2,7056.9,26602,2002.7
16239,381.18,1284.8,2906.1,2718,2672.9,2638.4,5784.3,8797.9,7871.2,7073.7,26609,2003
16248,499.72,1284.6,2989.9,2797,2750.4,2714,5908.5,8990.5,8019,7255.3,26572,2003.4
20940,451.55,1284.6,3037.2,2841.6,2794.2,2756.7,7028.7,10733,9359.9,8337.5,26930,2003.9
26501,433.96,1284.2,3069.7,2872.1,2824.3,2785.9,8257.4,12657,10823,9491.8,26681,2004.2
25993,414.27,1284.1,3066.3,2869,2821.1,2782.9,8133.2,12462,10677,9358.1,26544,2004.5
20201,398.35,1283.9,3052,2855.5,2807.9,2770,6861.8,10473,9159.6,8136.1,26344,2005
19730,388.72,1283.7,3032.9,2837.4,2790.2,2752.8,6726.4,10262,9044.5,8029.9,26193,2005.3
20124,381.6,1283.4,3014.5,2820.1,2773.2,2736.2,6772,10333,9104.3,8071,26040,2006.2
20094,376.99,1283.1,3001.7,2808.1,2761.3,2724.7,6735.2,10276,9058.4,8031.7,25960,2006.8
21802,395.42,1282.9,2997.1,2803.7,2757.1,2720.5,7088.3,10827,9480.5,8368,25900,2007.2
20672,436.05,1282.4,2976.8,2784.6,2738.3,2702.2,6838.3,10436,9158.5,8112.6,25834,2007.5
19605,434.37,1282.1,3056.6,2859.8,2812.1,2774.1,6838.4,10479,9305.9,8388.6,26349,2007.9
23948,461.6,1281.9,3342.6,3129.5,3076.9,3031.8,7967.9,12245,10650,9439.3,27119,2008.3
22569,445.26,1281.4,3336.7,3123.9,3071.5,3026.5,7681.2,11795,10298,9159.9,26803,2009
23643,423.48,1281.1,3339,3126.1,3073.5,3028.5,7919,12168,10593,9387,26634,2009.5
23015,402.12,1280.6,3314.7,3103.1,3051,3006.6,7748.2,11900,10374,9211.8,26329,2009.6
23864,380.34,1280.5,3291.4,3081.2,3029.5,2985.7,7895.2,12130,10543,9341.5,26141,2010.2
32706,364,1280.1,3269.3,3060.3,3009,2965.8,9757.7,15063,12749,11036,26006,2010.2
34963,347.67,1279.8,3260.9,3052.4,3001.2,2958.2,10227,15806,13310,11459,26695,2011
35640,336.78,1279.3,3285.1,3075.2,3023.6,2980,10384,16056,13493,11594,27593,2011.8
35319,325.89,1279.4,3332.6,3120.1,3067.7,3022.8,10340,15985,13436,11551,27812,2012.1
37536,325.89,1279.3,3427.8,3209.9,3155.8,3108.4,10868,16825,14078,12029,27104,2012.6
34879,325.89,1279.2,3510.8,3288.2,3232.6,3183.1,10349,16002,13447,11557,26586,2013.2
33337,325.89,1278.9,3514.6,3291.9,3236.2,3186.5,10017,15477,13055,11261,26349,2014.2
31694,309.55,1278.7,3453.6,3234.2,3179.7,3131.6,9642.3,14885,12634,10939,26192,2014.8
32404,293.21,1278.3,3421.8,3204.3,3150.3,3103.1,9788,15117,12865,11112,26080,2015.5
32027,282.32,1277.7,3459.2,3239.5,3184.9,3136.7,9722.7,15014,12791,11054,25974,2015.9
31359,271.43,1277.5,3555,3330,3273.7,3222.9,9650.3,14899,12709,10991,25960,2016.5
29876,271.43,1277.2,3708.1,3474.7,3415.6,3360.5,9428.8,14548,12443,10788,25892,2017
31507,271.43,1276.7,3837.8,3597.2,3535.7,3477,9861.1,15232,12960,11176,25843,2016.5
34417,271.43,1276.6,3763.4,3526.9,3466.8,3410.2,10447,16160,13686,11720,25798,2017
33788,260.54,1276.2,3751.6,3515.8,3455.9,3399.6,10309,15942,13589,11646,25901,2017.5
32125,249.65,1275.7,3745.1,3509.6,3449.9,3393.8,9940.9,15358,13152,11319,25905,2017.2
32702,244.62,1275.3,3737,3501.9,3442.3,3386.4,10029,15497,13242,11384,25943,2018.1
31000,233.73,1275,3731,3496.3,3436.7,3381,9650.9,14899,12703,10975,25809,2018.7
31600,239.18,1274.6,3727.1,3492.6,3433.2,3377.6,9780.7,15104,12854,11087,25851,2019.2
30735,244.62,1274.3,3723.3,3489,3429.6,3374.1,9595.2,14810,12635,10922,25783,2019.5
31031,233.73,1274,3725.4,3491,3431.5,3376,9662.1,14917,12715,10981,25715,2019.8
32969,233.73,1273.6,3710.8,3477.2,3418,3362.9,10073,15568,13205,11355,25639,2019.7
32993,233.73,1273.3,3707.4,3474,3414.9,3359.9,10074,15568,13214,11359,25563,2020.4
32003,222.84,1272.9,3672.8,3441.3,3382.9,3328.8,9818.1,15163,12903,11121,25422,2020.8
30962,217.4,1272.5,3650.1,3419.8,3361.7,3308.3,9567.2,14767,12692,10958,25476,2021
31258,245.04,1272.1,3602.6,3374.9,3317.8,3265.7,9455.9,14512,12518,10946,25427,2021.2
28033,232.48,1272.1,3564.5,3338.9,3282.4,3231.4,8737,13378,11660,10334,25440,2021.5
29027,232.48,1272,3628.2,3399.2,3341.5,3288.7,9006,13802,11905,10609,25422,2021.7
29660,238.76,1272,3691.8,3459.2,3400.4,3345.8,9201.5,14110,12048,10809,25404,2021.6
28195,238.76,1272.2,3791.9,3553.9,3493.2,3435.8,8958.5,13727,11680,10566,25470,2021.5
27472,232.48,1272.2,3843.2,3602.4,3540.8,3481.9,8845.1,13548,11512,10331,25440,2021.7
27830,226.19,1271.9,3764.1,3527.6,3467.5,3410.9,8869.3,13586,11532,10343,25427,2022
26358,219.91,1271.7,3689.7,3457.2,3398.4,3343.9,8496.8,13000,11161,10042,25419,2022.1
28225,219.91,1271.3,3650.4,3420.1,3362,3308.6,8856.4,13566,11702,10450,25384,2022.3
27317,216.98,1271,3653.2,3422.7,3364.6,3311.1,8657.5,13253,11411,10261,25380,2022.2
26681,216.98,1270.8,3619.5,3390.9,3333.4,3280.9,8491.8,12992,11204,10070,25344,2022.6
26257,219.91,1270.5,3618.9,3390.4,3332.9,3280.3,8393.5,12838,11082,9954,25241,2022.7
26316,219.91,1270.2,3595.2,3368,3310.9,3259,8384.1,12823,11077,9944.4,25260,2022.6
27224,223.26,1269.7,3573.5,3347.5,3290.8,3239.5,8559.4,13098,11276,10088,25244,2022.9
26145,225.77,1269.3,3475,3254.4,3199.5,3150.9,8258.3,12625,10863,9756,25203,2023
26122,225.77,1268.8,3540.1,3315.9,3259.9,3209.5,8294.5,12682,10870,9756.8,25155,2023
25938,225.77,1268.5,3576.9,3350.7,3293.9,3242.6,8279.7,12659,10852,9739.9,25160,2023
25566,223.26,1267.9,3568.5,3342.7,3286.2,3235,8193.3,12523,10806,9709.1,25085,2022.8
25780,225.77,1267.6,3553.9,3329,3272.7,3221.9,8223.3,12570,10855,9747,24994,2022.7
25118,223.26,1267.2,3533.9,3310.1,3254.1,3203.9,8062,12317,10664,9588.3,24992,2022.5
26775,220.75,1266.9,3511.1,3288.5,3232.9,3183.3,8398.1,12845,11060,9886.7,24875,2022.4
25410,223.26,1266.2,3485.2,3264.1,3209,3160.1,8084.9,12353,10669,9578.5,25001,2022.3
24870,223.26,1265.9,3525.8,3302.4,3246.6,3196.6,7993.1,12209,10544,9479.9,24949,2021.9
25517,225.77,1265.3,3387.7,3172,3118.7,3072.3,8045.7,12292,10610,9531.1,25123,2021
26949,228.29,1265,3368.5,3154,3100.9,3055.1,8340.1,12754,10962,9887.3,25110,2020.5
26018,230.8,1264.9,3686.3,3454,3395.3,3340.9,8366.2,12795,10986,10434,25110,2021.1
24878,238.76,1264.4,3876.1,3633.5,3571.3,3511.4,8249.7,12612,10830,9941.3,25090,2021.3
25649,235.83,1264.1,3745.2,3509.7,3450,3393.9,8358.7,12783,10967,9963.2,25082,2021.2
26707,228.29,1263.7,3616.6,3388.2,3330.7,3278.2,8489.1,12988,11131,10050,25033,2021
26392,228.29,1263.3,3599.7,3372.2,3315,3263,8397.4,12844,11042,9952,24912,2020.8
27116,257.19,1262.9,3560.1,3334.8,3278.4,3227.4,8396.3,12507,10808,9804.1,24961,2020.9
30274,281.07,1262.5,3528,3304.5,3248.6,3198.5,9067.8,13564,11606,10478,25273,2020.4
28469,257.19,1262.1,3648.5,3418.3,3360.3,3307,8761.3,13081,11243,10172,24667,2019.6
27407,240.43,1261.7,3581.3,3354.9,3298.1,3246.6,8473.2,12628,10998,9919,25078,2018.8
27947,229.96,1261.2,3296.4,3085.9,3034.1,2990.1,8370.4,12466,11068,9915.3,25445,2017.9
27868,229.96,1260.8,3072.2,2874.5,2826.6,2788.2,8173,12156,10964,9824,25193,2017
28442,219.49,1260.3,3086.8,2888.3,2840.1,2801.4,8272.2,12312,11114,9933.8,25368,2016.1
27296,219.49,1259.9,3084.9,2886.5,2838.3,2799.7,8014.2,11907,10793,9668.6,25485,2015.2
26737,272.27,1259.4,3212.5,3006.8,2956.5,2914.6,7982.7,11857,10741,9614.5,25378,2014.1
27783,245.46,6518,3261.7,3053.2,3002,2958.9,8242.1,12264,11060,9852,25378,2013.1
31575,234.99,6497.8,4440.6,4168.1,4095.1,4017.7,9830.5,14770,12887,11239,25349,2012.2
31559,234.99,6477.6,4577.4,4298,4222.2,4140.2,9913.5,14901,12952,11283,25329,2011.2
31566,224.52,6457.7,4718.9,4432.3,4353.6,4266.8,10014,15061,13099,11388,25407,2010.3
32925,229.96,6438,4645.1,4362.3,4285.1,4200.9,10272,15470,13326,11555,25418,2009
32887,227.03,6418.3,4719.3,4432.7,4354.1,4267.3,10332,15564,13231,11485,25413,2007.7
33113,227.03,6398.5,4746.8,4458.8,4379.6,4291.9,10415,15697,13360,11632,25410,2006.6
34691,227.03,6378.9,4851,4557.8,4476.5,4385.1,10840,16373,13877,12154,25454,2005.6
33701,227.03,6359.3,4879.5,4584.9,4502.9,4410.5,10664,16093,13578,12185,25546,2004.7
34257,232.48,6340.8,5175.1,4866,4777.7,4674.6,10983,16600,13831,13405,25670,2003.7
34261,245.46,6322.9,5398.3,5078.6,4985.3,4873.8,11150,16867,14112,13720,25630,2002.8
36480,265.99,6311.7,6033.5,5684.7,5576.4,5439.7,12078,18349,15390,16756,25667,2001.8
39018,286.93,6302.5,6559.2,6187.8,6066,5906.8,13082,19960,16696,16400,25734,2001.6
38732,289.44,6295.6,6598.5,6225.5,6102.7,5941.8,13224,20189,16745,15937,25696,2001.6
41278,296.15,6287.5,6714.2,6336.4,6210.5,6044.4,13807,21129,17379,16318,25693,2001.5
43074,301.17,6276.8,6140,5786.5,5675.6,5534.4,13781,21088,17384,15844,25656,2001.4
39225,492.6,6263.1,5699.8,5366,5265.8,5142.6,12763,19448,16068,14669,25522,2001.3
42091,484.64,6247.6,5433.2,5111.9,5017.8,4905,13260,20248,16618,15140,25462,2001.3
41919,433.54,6232.4,5341.5,5024.4,4932.4,4823.1,13203,20156,16550,14905,25563,2001.4
37913,369.87,6216.2,5241.7,4929.4,4839.6,4734.1,12236,18602,15454,13924,25546,2001.3
39822,353.53,6196.4,5099.8,4794.4,4707.7,4607.4,12482,18997,15813,14075,25433,2001
36542,343.9,6178.5,4981.8,4682.2,4598,4502,11672,17699,14824,13276,25378,2000.8
